-- phpMyAdmin SQL Dump
-- version 4.8.5
-- https://www.phpmyadmin.net/
--
-- Servidor: 127.0.0.1
-- Tiempo de generación: 29-09-2019 a las 01:12:29
-- Versión del servidor: 10.1.38-MariaDB
-- Versión de PHP: 7.3.3

SET SQL_MODE = "NO_AUTO_VALUE_ON_ZERO";
SET AUTOCOMMIT = 0;
START TRANSACTION;
SET time_zone = "+00:00";


/*!40101 SET @OLD_CHARACTER_SET_CLIENT=@@CHARACTER_SET_CLIENT */;
/*!40101 SET @OLD_CHARACTER_SET_RESULTS=@@CHARACTER_SET_RESULTS */;
/*!40101 SET @OLD_COLLATION_CONNECTION=@@COLLATION_CONNECTION */;
/*!40101 SET NAMES utf8mb4 */;

--
-- Base de datos: `profesores`
--

-- --------------------------------------------------------

--
-- Estructura de tabla para la tabla `cargos`
--

CREATE TABLE `cargos` (
  `id_cargo` int(11) NOT NULL,
  `id_lista_cargo` int(11) DEFAULT NULL,
  `id_profesor_carg` int(11) DEFAULT NULL,
  `inicio_carg` date DEFAULT NULL,
  `fin_carg` date DEFAULT NULL
) ENGINE=InnoDB DEFAULT CHARSET=utf8;

-- --------------------------------------------------------

--
-- Estructura de tabla para la tabla `carreras`
--

CREATE TABLE `carreras` (
  `id_carrera` int(11) NOT NULL,
  `nombre_car` varchar(45) DEFAULT NULL,
  `decreto_car` varchar(45) DEFAULT NULL,
  `resolucion_car` varchar(45) DEFAULT NULL,
  `id_turno_car` int(11) DEFAULT NULL
) ENGINE=InnoDB DEFAULT CHARSET=utf8;

--
-- Volcado de datos para la tabla `carreras`
--

INSERT INTO `carreras` (`id_carrera`, `nombre_car`, `decreto_car`, `resolucion_car`, `id_turno_car`) VALUES
(1, 'PROF. DE TERCER CICLO DE LA EGB Y EDUC. POLIM', '480/99', NULL, NULL),
(2, 'CURSO DE CAPACITACION EN LENGUA INGLESA 2015', '321-26-05-04475/93', NULL, NULL),
(3, 'TECNICO SUPERIOR EN ADMINISTRACION', '104/01', NULL, NULL),
(10, 'PROF. DE TERCER CICLO DE LA EGB Y EDUCACION P', '354/99', NULL, NULL),
(11, 'ANALISTA PROGRAMADOR EN SISTEMAS DE EMPRESAS ', '104/01', NULL, NULL),
(12, 'PROFESORADO DE EGB1 - EGB2', '125/99', NULL, NULL),
(13, 'PROF. DEL TERCER CICLO DE LA EGB Y EDUC. POL.', '353/99', NULL, NULL),
(14, 'TECNICO EN BROMATOLOGIA Y SANEAMIENTO AMBIENT', '1458/89', NULL, NULL),
(15, 'PROF. DE TERCER CICLO DE LA EGB Y DE LA EDUCA', '1698/03', NULL, NULL),
(16, 'REALIZADOR PLASTICO BASICO 2015', '321 - 26 - 05 - 04475/93', NULL, NULL),
(17, 'CURSO DE CAPACITACION EN LENGUA FRANCESA', '321-26 - 05 - 04475/93', NULL, NULL),
(18, 'PROF. DEL TERCER CICLO DE LA EGB Y EDUC. POL.', '466/99', NULL, NULL),
(19, 'PROFESORADO DE EDUCACION INICIAL 2000 AL 2009', '125/99', NULL, NULL),
(20, 'CURSO DE CAPACITACION EN LENGUA PORTUGUESA 20', '321 - 26 - 05-04475/93', NULL, NULL),
(21, 'CARRERA PRUEBA', '13', NULL, NULL),
(22, 'T?CNICO SUPERIOR EN BROMATOLOG?A', '505/06', NULL, NULL),
(23, 'TECNICATURA SUPERIOR EN ADMINISTRACI?N', '743/06', NULL, NULL),
(24, 'TECNICATURA SUPERIOR ANALISTA PROGRAMADOR', '499/07', NULL, NULL),
(25, 'PROFESORADO DE EDUC. INICIAL ', '182/09', NULL, NULL),
(26, 'PROFESORADO DE EDUCACI?N PRIMARIA ', '182/09', NULL, NULL),
(27, 'T?CNICO SUPERIOR EN TURISMO', '386/09', NULL, NULL),
(28, 'TEC. SUP. EN ADMINISTRACI?N', '396/09', NULL, NULL),
(29, 'T?C. SUP. EN BROMATOLOG?A', '833/11', NULL, NULL),
(30, 'TEC. SUP. EN INFRAESTRUCTURA INFORM?TICA', '456/11', NULL, NULL),
(31, 'PROF. DE EDUC. SECUNDARIA EN MATEM?TICA', '916/11', NULL, NULL),
(32, 'PROFESORADO DE EDUCACI?N SECUNDARIA EN GEOGRA', '916/11', NULL, NULL),
(33, 'PROF. DE EDUC. SECUNDARIA EN BIOLOGIA', '916/11', NULL, NULL),
(34, 'PROFESORADO DE EDUCACI?N SECUNDARIA EN ECONOM', '916/11', NULL, NULL),
(35, 'PROFESORADO DE EDUCACI?N SECUNDARIA EN HISTOR', '916/11', NULL, NULL),
(36, 'TEC.SUP. EN AGENTE SANITARIO Y PROMOTOR DE SA', 'N? 622', NULL, NULL),
(37, 'TECNICATURA SUP. EN TECNOLOGIA DE LOS ALIMENT', 'N? 632', NULL, NULL),
(38, 'PROFESORADO DE EDUCACION SECUNDARIA EN HISTOR', '835/2011', NULL, NULL),
(39, 'PROFESORADO DE EDUCACION SECUNDARIA EN GEOGRA', '330-23-11-835/2011', NULL, NULL),
(40, 'PROF EDUC SEC BIOLOG?A SIN EFECTO', '833/2011', NULL, NULL),
(41, 'PROF. EDUC. SEC. MATEM?TICA 2012/15', '992/2011', NULL, NULL),
(42, 'TECNICATURA SUPERIOR EN SERVICIOS TURISTICOS', 'N? 877', NULL, NULL),
(44, 'PROFESORADO DE EDUC. SEC. EN HISTORIA  13/15', '3032', NULL, NULL),
(45, 'PROFESORADO DE EDUC. SEC. EN GEOGRAFIA  2013/', '3034/2011', NULL, NULL),
(47, 'TECNICATURA SUPERIOR EN LOGISTICA 2013/14/15/', '48', NULL, NULL),
(51, 'PROF. EDUC. SECUNDARIA EN CS. DE LA ADMINISTR', '238', NULL, NULL),
(53, 'TEC. SUP. EN INFR. INFORM.2013/14', '44/13', NULL, NULL),
(54, 'TECNICATURA SUP. EN ENFERMERIA', '690/12', NULL, NULL),
(55, 'TECN SUP EN DESARROLLO DE SOFTWARE', '001/15', NULL, NULL),
(56, 'PROF. DE EDUCACION PRIMARIA 2015/18', 'N? 1464/14', NULL, NULL),
(57, 'PROF. DE EDUCACION INICIAL 2015/18', 'N? 1487/14', NULL, NULL),
(58, 'PROFESORADO DE EDUC. SEC. EN GEOGRAFIA 2015/1', 'N? 3318/14', NULL, NULL),
(59, 'PROFESORADO DE EDUCACI?N SECUNDARIA EN BIOLOG', '1982/13', NULL, NULL),
(60, 'PROF. DE EDUC. SEC. EN MATEMATICA 2016/18', '4658/15', NULL, NULL),
(61, 'PROFESORADO DE EDUC. SEC. EN HISTORIA 2016/18', '4657/15', NULL, NULL),
(62, 'PROF. DE EDUC. SEC. EN CS. DE LA ADMINISTRACI', '4968/2015', NULL, NULL),
(64, 'TECNICATURA SUP. EN GESTION DE LA PROD. AGROP', '46/13', NULL, NULL),
(65, 'TECNICAT. SUP. EN ECONOMIA SOCIAL ORIENT. AL ', '211/17', NULL, NULL),
(66, 'TECNICATURA SUPERIOR EN DESARROLLO DE SOFTWAR', '47/13', NULL, NULL),
(67, 'TECNICATURA SUPERIOR EN ENFERMERIA 2017/18', '690/12', NULL, NULL),
(68, 'PROFESORADO DE EDUCACION SECUNDARIA EN BIOLOG', '4173', NULL, NULL),
(69, 'TECNICATURA SUPERIOR EN GASTRONOMIA', '1380/13', NULL, NULL),
(70, 'TECNICATURA SUPERIOR EN HOTELERIA', '2410/13', NULL, NULL);

-- --------------------------------------------------------

--
-- Estructura de tabla para la tabla `condicion_catedra`
--

CREATE TABLE `condicion_catedra` (
  `id_condicion` int(11) NOT NULL,
  `descripcion_cat` varchar(45) DEFAULT NULL
) ENGINE=InnoDB DEFAULT CHARSET=utf8;

-- --------------------------------------------------------

--
-- Estructura de tabla para la tabla `designaciones`
--

CREATE TABLE `designaciones` (
  `id_designacion` int(11) NOT NULL,
  `id_profesor_des` int(11) DEFAULT NULL,
  `id_materia_des` int(11) DEFAULT NULL,
  `decreto_des` varchar(45) DEFAULT NULL,
  `disposicion` varchar(45) DEFAULT NULL,
  `id_condicion_catedra_des` int(11) DEFAULT NULL,
  `fecha_alta_des` date DEFAULT NULL,
  `fecha_baja_des` date DEFAULT NULL,
  `resolucion_alta_des` varchar(45) DEFAULT NULL,
  `resolucion_baja_des` varchar(45) DEFAULT NULL,
  `puesto_laboral_des` int(11) DEFAULT NULL
) ENGINE=InnoDB DEFAULT CHARSET=utf8;

-- --------------------------------------------------------

--
-- Estructura de tabla para la tabla `directores_carreras`
--

CREATE TABLE `directores_carreras` (
  `id_dir_carr` int(11) NOT NULL,
  `id_carrera_dir_car` int(11) DEFAULT NULL,
  `id_profesor_dir_car` int(11) DEFAULT NULL,
  `fecha_inicio_dir_car` date DEFAULT NULL,
  `fecha_fin_dir_car` date DEFAULT NULL
) ENGINE=InnoDB DEFAULT CHARSET=utf8;

-- --------------------------------------------------------

--
-- Estructura de tabla para la tabla `estados`
--

CREATE TABLE `estados` (
  `id_estado` int(11) NOT NULL,
  `descripcion_est` varchar(45) DEFAULT NULL
) ENGINE=InnoDB DEFAULT CHARSET=utf8;

--
-- Volcado de datos para la tabla `estados`
--

INSERT INTO `estados` (`id_estado`, `descripcion_est`) VALUES
(1, 'Activo'),
(2, 'Inactivo'),
(3, 'Licencia');

-- --------------------------------------------------------

--
-- Estructura de tabla para la tabla `licencias`
--

CREATE TABLE `licencias` (
  `id_licencia` int(11) NOT NULL,
  `id_profesor_lic` int(11) DEFAULT NULL,
  `id_tipo_lic` int(11) DEFAULT NULL,
  `inicio_lic` date DEFAULT NULL,
  `fin_lic` date DEFAULT NULL,
  `id_designacion_lic` int(11) DEFAULT NULL
) ENGINE=InnoDB DEFAULT CHARSET=utf8;

-- --------------------------------------------------------

--
-- Estructura de tabla para la tabla `lista_cargos`
--

CREATE TABLE `lista_cargos` (
  `id_lista_cargo` int(11) NOT NULL,
  `nombre_lis_car` varchar(45) DEFAULT NULL
) ENGINE=InnoDB DEFAULT CHARSET=utf8;

-- --------------------------------------------------------

--
-- Estructura de tabla para la tabla `localidades`
--

CREATE TABLE `localidades` (
  `id_localidad` int(11) NOT NULL,
  `nombre_loc` varchar(45) DEFAULT NULL,
  `id_provincia_loc` int(11) DEFAULT NULL
) ENGINE=InnoDB DEFAULT CHARSET=utf8;

--
-- Volcado de datos para la tabla `localidades`
--

INSERT INTO `localidades` (`id_localidad`, `nombre_loc`, `id_provincia_loc`) VALUES
(1, 'Paso de los Libres', 1),
(2, 'Goya', 1),
(3, 'Bella Vista', 1),
(4, 'goyana', 1);

-- --------------------------------------------------------

--
-- Estructura de tabla para la tabla `materias`
--

CREATE TABLE `materias` (
  `id_materia` int(11) NOT NULL,
  `nombre_mat` varchar(45) DEFAULT NULL,
  `año_mat` varchar(45) DEFAULT NULL,
  `id_carrera_mat` int(11) DEFAULT NULL,
  `carga_horaria_mat` varchar(45) DEFAULT NULL,
  `id_tipo_mat` int(11) DEFAULT NULL
) ENGINE=InnoDB DEFAULT CHARSET=utf8;

--
-- Volcado de datos para la tabla `materias`
--

INSERT INTO `materias` (`id_materia`, `nombre_mat`, `año_mat`, `id_carrera_mat`, `carga_horaria_mat`, `id_tipo_mat`) VALUES
(1, 'MEDIACION PEDAGOGICA', '1º Año', 1, NULL, 3),
(2, 'DIDACTICA', '1º Año', 1, NULL, 1),
(3, 'PRACTICA PEDAGOGICA I', '1º Año', 1, NULL, 1),
(4, 'INTRODUCCION A LA ECONOMIA', '1º Año', 1, NULL, 2),
(5, 'INTRODUCCION A LA GEOGRAFIA', '1º Año', 1, NULL, 2),
(6, 'INTRODUCCION A LA SOCIOLOGIA', '1º Año', 1, NULL, 3),
(7, 'GEOGRAFIA FISICA', '1º Año', 1, NULL, 1),
(8, 'TALLER OBLIGATORIO HISTORIA CONTEMPORANEA DEL', '1º Año', 1, NULL, 2),
(9, 'SEMINARIO OPCIONAL: GRANDES MEGALOPOLIS', '1º Año', 1, NULL, 3),
(10, 'TALLER OPC.: METODOLOGIA DE LA INVESTIGACION', '1º Año', 1, NULL, 3),
(11, 'INSTITUCION ESCOLAR', '2º Año', 1, NULL, 1),
(12, 'PS. Y CUL. DE D/L ALUMN. EGB3 Y POLIMODAL', '2º Año', 1, NULL, 1),
(13, 'PRACTICA PEDAGOGICA II', '2º Año', 1, NULL, 1),
(14, 'INTRODUCCION A LA HISTORIA', '2º Año', 1, NULL, 2),
(15, 'GEOGRAFIA HUMANA', '2º Año', 1, NULL, 1),
(16, 'DIDACTICA DE LA GEOGRAFIA', '2º Año', 1, NULL, 3),
(17, 'AMBIENTES Y ESPACIOS MUNDIALES', '2º Año', 1, NULL, 1),
(18, 'TALLER OBLIGATORIO. CARTOGRAFIA', '2º Año', 1, NULL, 2),
(19, 'SISTEMA EDUCATIVO', '3º Año', 1, NULL, 3),
(20, 'PSICOLOGIA DEL APRENDIZAJE', '3º Año', 1, NULL, 3),
(21, 'PRACTICA PEDAGOGICA III', '3º Año', 1, NULL, 1),
(22, 'INTRODUCCION A LA ANTROPOLOGIA', '3º Año', 1, NULL, 2),
(23, 'INTRODUCCION A LA CIENCIAS POLITICAS', '3º Año', 1, NULL, 2),
(24, 'EL CONTINENTE AMERICANO', '3º Año', 1, NULL, 1),
(25, 'SEMINARIO: ATENCION A LA DIVERSIDAD', '3º Año', 1, NULL, 2),
(26, 'TALLER OPCIONAL: MOVIMIENTOS MIGRATORIOS', '3º Año', 1, NULL, 3),
(27, 'TALLER OPCIONAL: CULTURA DE LA POBREZA', '3º Año', 1, NULL, 3),
(28, 'TALLER PROF. DEL ROL DOCENTE', '4º Año', 1, NULL, 2),
(29, 'RESIDENCIA', '4º Año', 1, NULL, 3),
(30, 'GEOGRAFIA GENERAL DE ARGENTINA', '4º Año', 1, NULL, 1),
(31, 'MARCO REG. ARGENTINA: EL NORDESTE', '4º Año', 1, NULL, 1),
(32, 'GEOTECNOLOGIA', '4º Año', 1, NULL, 2),
(33, 'GEOGRAFIA POLITICA', '4º Año', 1, NULL, 2),
(34, 'TALLER OBLIGATORIO PROBLEMAS AMBIENTALES', '4º Año', 1, NULL, 2),
(35, 'GRAMATICA I', '1º Año', 2, NULL, 1),
(36, 'LITERATURA I', '1º Año', 2, NULL, 1),
(37, 'LENGUA I', '1º Año', 2, NULL, 1),
(38, 'FONETICA Y DICCION I', '2º Año', 2, NULL, 1),
(39, 'LITERATURA II', '2º Año', 2, NULL, 1),
(40, 'GRAMATICA II', '2º Año', 2, NULL, 1),
(41, 'LENGUA II', '2º Año', 2, NULL, 1),
(42, 'GRAMATICA III', '3º Año', 2, NULL, 1),
(43, 'LENGUA III', '3º Año', 2, NULL, 1),
(44, 'FONETICA Y DICCION II', '3º Año', 2, NULL, 1),
(45, 'CONTABILIDAD I', '1º Año', 3, NULL, 1),
(46, 'ECONOMIA I', '1º Año', 3, NULL, 1),
(47, 'DERECHO CONSTITUCIONAL', '1º Año', 3, NULL, 1),
(48, 'DERECHO CIVIL I', '1º Año', 3, NULL, 1),
(49, 'MATEMATICA I', '1º Año', 3, NULL, 1),
(50, 'HISTORIA ECONOMICA ARGENTINA', '1º Año', 3, NULL, 1),
(51, 'SISTEMAS OPERATIVOS', '1º Año', 3, NULL, 1),
(52, 'SISTEMAS DE EMPRESAS', '1º Año', 3, NULL, 1),
(53, 'CONTABILIDAD II', '2º Año', 3, NULL, 1),
(54, 'ECONOMIA II', '2º Año', 3, NULL, 1),
(55, 'DERECHO COMERCIAL I', '2º Año', 3, NULL, 1),
(56, 'DERECHO DEL TRABAJO Y LA SEGURIDAD SOCIAL', '2º Año', 3, NULL, 1),
(57, 'MATEMATICA II', '2º Año', 3, NULL, 1),
(58, 'ADMINISTRACION DE BASES DE DATOS', '2º Año', 3, NULL, 1),
(59, 'INGLES TECNICO', '2º Año', 3, NULL, 1),
(60, 'FINANZAS', '2º Año', 3, NULL, 1),
(61, 'COSTOS Y CONTROL DE PRESUPUESTOS', '3º Año', 3, NULL, 1),
(62, 'ESTADISTICA', '3º Año', 3, NULL, 1),
(63, 'SISTEMAS ESPECIFICOS DE LA ZONA', '3º Año', 3, NULL, 1),
(64, 'ORGANIZACION Y ADMINISTRACION DE EMPRESAS', '3º Año', 3, NULL, 1),
(65, 'RELACIONES HUMANAS', '3º Año', 3, NULL, 1),
(66, 'LEGISLACION Y PRACTICA IMPOSITIVA', '3º Año', 3, NULL, 1),
(67, 'PASANTIA LABORAL', '3º Año', 3, NULL, 1),
(68, 'DERECHO COMERCIAL II', '3º Año', 3, NULL, 1),
(78, 'MEDIACION PEDAGOGICA', '1º Año', 10, NULL, 3),
(79, 'SISTEMA EDUCATIVO', '3º Año', 10, NULL, 1),
(80, 'INSTITUCION ESCOLAR', '2º Año', 10, NULL, 1),
(81, 'TALLER: PROF. DEL ROL. DOC.', '4º Año', 10, NULL, 2),
(82, 'DIDACTICA', '1º Año', 10, NULL, 1),
(83, 'PS. Y CULT.D/L ALUM. EGB 3 Y POL.', '2º Año', 10, NULL, 1),
(84, 'PSIC. DEL APRENDIZAJE', '3º Año', 10, NULL, 1),
(85, 'PRACTICA PEDAGOGICA I', '1º Año', 10, NULL, 1),
(86, 'PRACTICA PEDAGOGICA II', '2º Año', 10, NULL, 1),
(87, 'PRACTICA PEDAGOGICA III', '3º Año', 10, NULL, 1),
(88, 'RESIDENCIA', '4º Año', 10, NULL, 3),
(89, 'INTRODUCCION A LA SOCIOLOGIA', '1º Año', 10, NULL, 2),
(90, 'INTRODUCCION A LA HISTORIA', '1º Año', 10, NULL, 2),
(91, 'INTRODUCCION A LAS CS. ANTROPOL.', '1º Año', 10, NULL, 3),
(92, 'FUND. Y MET. DE LA INV. HISTORICA', '4º Año', 10, NULL, 2),
(93, 'INTRODUCCION A LA ECONOMIA', '1º Año', 10, NULL, 3),
(94, 'HISTORIA DEL ANTIGUO ORIENTE', '1º Año', 10, NULL, 2),
(95, 'HISTORIA DE GRECIA Y ROMA', '1º Año', 10, NULL, 3),
(96, 'HISTORIA MEDIEVAL', '2º Año', 10, NULL, 2),
(97, 'HISTORIA MODERNA', '2º Año', 10, NULL, 3),
(98, 'DIDACTICA ESPECIAL', '2º Año', 10, NULL, 1),
(99, 'ARQUEOLOGIA Y ETNOHISTORIA', '2º Año', 10, NULL, 2),
(100, 'HISTORIA DE AMERICA COLONIAL', '2º Año', 10, NULL, 3),
(101, 'HISTORIA ARGENTINA COLONIAL', '2º Año', 10, NULL, 3),
(102, 'CORRIENTES HISTORIOGRAFICAS', '3º Año', 10, NULL, 3),
(103, 'HISTORIA CONTEMPORANEA SIGLO XIX', '3º Año', 10, NULL, 2),
(104, 'HISTORIA AMERICANA SIGLO XIX', '3º Año', 10, NULL, 2),
(105, 'HISTORIA ARGENTINA INDEP. SIGLO XIX', '3º Año', 10, NULL, 2),
(106, 'HISTORIA CONTEMPORANEA SIGLO XX', '3º Año', 10, NULL, 3),
(107, 'HISTORIA ARGENTINA SIGLO XX', '4º Año', 10, NULL, 2),
(108, 'HISTORIA DE CORRIENTES', '4º Año', 10, NULL, 2),
(109, 'METODOLOGIA DE LA INVESTIGACION', '4º Año', 10, NULL, 3),
(110, 'SEMINARIO DE HISTORIA', '4º Año', 10, NULL, 3),
(111, 'HISTORIA AMERICANA SIGLO XX', '4º Año', 10, NULL, 2),
(112, 'TALLER OPCIONAL: DERECHO DE LOS PUEBLOS INDIG', '1º Año', 10, NULL, 2),
(113, 'TALLER OPCIONAL: MULTICULTURALIDAD', '1º Año', 10, NULL, 2),
(114, 'ESPACIO CIRCULAR OBLIGATORIO RESCATE DE LA ME', '4º Año', 10, NULL, 3),
(115, 'SEMINARIO OBLIGATORIO: ATENCION A LA DIVERSID', '3º Año', 10, NULL, 3),
(117, 'ESPACIO CIRCULAR OPTATIVO: PENSAMIENTO MITICO', '4º Año', 10, NULL, 2),
(118, 'ESPACIO CIRCULAR OPTATIVO: MIGRACIONES PROTAG', '4º Año', 10, NULL, 2),
(119, 'FUNDAMENTOS DE PROGRAMACION', '1º Año', 11, NULL, 1),
(120, 'INGLES TECNICO', '1º Año', 11, NULL, 1),
(121, 'INFORMATICA I', '1º Año', 11, NULL, 1),
(122, 'MATEMATICA', '1º Año', 11, NULL, 1),
(123, 'CAD', '2º Año', 11, NULL, 1),
(124, 'PROGRAMACION I', '2º Año', 11, NULL, 1),
(125, 'ELEMENTOS DE GESTION DE EMPRESAS', '2º Año', 11, NULL, 1),
(126, 'ELEMENTOS DE ESTADISTICA', '2º Año', 11, NULL, 1),
(127, 'INFORMATICA II', '2º Año', 11, NULL, 1),
(128, 'PROGRAMACION II', '3º Año', 11, NULL, 1),
(129, 'SISTEMAS', '3º Año', 11, NULL, 1),
(130, 'AUDITORIA Y GESTION DE PROYECTOS', '3º Año', 11, NULL, 2),
(131, 'TELEPROCESAMIENTO DE DATOS', '3º Año', 11, NULL, 3),
(132, 'MEDIACION PEDAGOGICA', '1º Año', 12, NULL, 1),
(133, 'SISTEMA EDUCATIVO', '1º Año', 12, NULL, 1),
(134, 'INSTITUCION ESCOLAR', '2º Año', 12, NULL, 1),
(135, 'TALLER: PROF. ROL DEL DOCENTE', '3º Año', 12, NULL, 2),
(136, 'DIDACTICA', '1º Año', 12, NULL, 1),
(137, 'PS. Y CULT. D/L ALUM. EGB1 Y EGB2', '1º Año', 12, NULL, 1),
(138, 'PSIC. DEL APRENDIZAJE', '2º Año', 12, NULL, 1),
(139, 'PRACTICA PEDAGOGICA I', '1º Año', 12, NULL, 1),
(140, 'PRACTICA PEDAGOGICA II', '2º Año', 12, NULL, 1),
(141, 'PRACTICA PEDAGOGICA III', '3º Año', 12, NULL, 2),
(142, 'RESIDENCIA', '3º Año', 12, NULL, 3),
(143, 'LENGUA', '1º Año', 12, NULL, 1),
(144, 'CIENCIAS SOCIALES', '1º Año', 12, NULL, 1),
(145, 'TALLER: EXP. Y COMUNICACION', '1º Año', 12, NULL, 2),
(146, 'TALLER: PERFIL DEL DOCENTE EGB1 Y EGB2', '1º Año', 12, NULL, 2),
(147, 'MATEMATICA', '2º Año', 12, NULL, 1),
(148, 'TECNOLOGIA', '2º Año', 12, NULL, 1),
(149, 'CIENCIAS NATURALES', '2º Año', 12, NULL, 1),
(150, 'EDUCACION FISICA', '2º Año', 12, NULL, 1),
(151, 'TALLER OPCIONAL: INF. ED N I', '2º Año', 12, NULL, 3),
(152, 'TALLER OPCIONAL: INF. ED N II', '2º Año', 12, NULL, 3),
(153, 'TALLER: METODOLOGIA DE LA INVESTIGACION', '2º Año', 12, NULL, 2),
(154, 'EDUCACION ARTISTICA', '3º Año', 12, NULL, 2),
(155, 'FORMACION ETICA Y CIUDADANA', '3º Año', 12, NULL, 2),
(156, 'TALLER EDI: ATENCION A LAS NECESIDADES ES.PEC', '3º Año', 12, NULL, 3),
(157, 'TALLER OPCIONAL:INF. EDUC. N III', '3º Año', 12, NULL, 3),
(158, 'TALLER OPCIONAL: DOCENTE Y CREATIVIDAD', '3º Año', 12, NULL, 3),
(159, 'SEMINARIO OBLIGATORIO: ATENCION A LA DIVERSID', '3º Año', 12, NULL, 2),
(160, 'SEMINARIO OPCIONAL: EDUCACION DE ADULTOS', '3º Año', 12, NULL, 3),
(161, 'SEMINARIO OPCIONAL: EDUCACION RURAL', '3º Año', 12, NULL, 3),
(162, 'MEDIACION PEDAGOGICA', '1º Año', 13, NULL, 3),
(163, 'SISTEMA EDUCATIVO', '3º Año', 13, NULL, 3),
(164, 'INSTITUCION ESCOLAR', '2º Año', 13, NULL, 1),
(165, 'TALLER: PROF. DEL ROL. DOC.', '4º Año', 13, NULL, 3),
(166, 'DIDACTICA', '1º Año', 13, NULL, 1),
(167, 'PS. Y CULT. D/L ALUM. EGB 3 Y POL.', '2º Año', 13, NULL, 1),
(168, 'PSIC. DEL APRENDIZAJE', '3º Año', 13, NULL, 2),
(169, 'PRACTICA PEDAGOGICA I', '1º Año', 13, NULL, 1),
(170, 'PRACTICA PEDAGOGICA II', '2º Año', 13, NULL, 1),
(171, 'PRACTICA PEDAGOGICA III', '3º Año', 13, NULL, 1),
(172, 'RESIDENCIA', '4º Año', 13, NULL, 3),
(173, 'MATEMATICA Y ESTADISTICA', '1º Año', 13, NULL, 2),
(174, 'INTRODUCCION A LA FISICA', '1º Año', 13, NULL, 2),
(175, 'INTRODUCCION A LA QUIMICA', '1º Año', 13, NULL, 2),
(176, 'FUNDAMENTOS DE BIOLOGIA', '1º Año', 13, NULL, 2),
(177, 'INTRODUCCION A LA GEOLOGIA', '1º Año', 13, NULL, 3),
(178, 'EPISTEM. E HISTORIA DE LAS CS.', '1º Año', 13, NULL, 3),
(179, 'QUIMICA BIOLOGICA Y BIOFISICA', '1º Año', 13, NULL, 3),
(180, 'BIOLOGIA CELULAR Y MOLECULAR', '2º Año', 13, NULL, 2),
(181, 'BIOLOGIA VEGETAL', '2º Año', 13, NULL, 1),
(182, 'SEMINARIO I', '2º Año', 13, NULL, 2),
(183, 'MICROBIOLOGIA Y MICOLOGIA', '2º Año', 13, NULL, 3),
(184, 'DIDACTICA ESPECIAL', '2º Año', 13, NULL, 3),
(185, 'BIOLOGIA ANIMAL', '3º Año', 13, NULL, 1),
(186, 'BIOLOGIA HUMANA Y SALUD', '3º Año', 13, NULL, 1),
(187, 'GENETICA', '4º Año', 13, NULL, 2),
(188, 'EVOLUCION', '4º Año', 13, NULL, 2),
(189, 'ECOLOGIA', '4º Año', 13, NULL, 2),
(190, 'SEMINARIO FINAL', '4º Año', 13, NULL, 3),
(191, 'BIOTECNOLOGIA', '4º Año', 13, NULL, 3),
(192, 'TALLER INFORMATICO', '3º Año', 13, NULL, 3),
(193, 'SEMINARIO II', '3º Año', 13, NULL, 3),
(194, 'SEMINARIO OBLIGATORIO: ATENCION A LA DIVERSID', '3º Año', 13, NULL, 3),
(195, 'TALLER OPCIONAL: EDUC. AMBIENTAL', '4º Año', 13, NULL, 2),
(196, 'TALLER OPCIONAL: EDUC. PARA LA SALUD', '4º Año', 13, NULL, 2),
(197, 'METODOLOGIA DE INVESTIGACION', '3º Año', 13, NULL, 2),
(198, 'INTRODUCCION A LA ZOOLOGIA', '1º Año', 14, NULL, 1),
(199, 'BOTANICA', '1º Año', 14, NULL, 1),
(200, 'MATEMATICA', '1º Año', 14, NULL, 1),
(201, 'FISICA BIOLOGICA', '1º Año', 14, NULL, 1),
(202, 'BIOESTADISTICA', '1º Año', 14, NULL, 1),
(203, 'QUIMICA GENERAL Y BIOLOGICA', '1º Año', 14, NULL, 1),
(204, 'METODOLOGIA DE LA INVESTIGACION', '1º Año', 14, NULL, 1),
(205, 'ANATOMIA HUMANA', '1º Año', 14, NULL, 1),
(206, 'GENETICA', '2º Año', 14, NULL, 1),
(207, 'HIGIENE', '2º Año', 14, NULL, 1),
(208, 'SANEAMIENTO I', '2º Año', 14, NULL, 1),
(209, 'NUTRICION Y DIETOLOGIA', '2º Año', 14, NULL, 1),
(210, 'INGLES TECNICO I', '2º Año', 14, NULL, 1),
(211, 'MICROBIOLOGIA GENERAL Y DE LOS ALIMENTOS', '2º Año', 14, NULL, 1),
(212, 'FISIOLOGIA HUMANA', '2º Año', 14, NULL, 1),
(213, 'ECOLOGIA', '2º Año', 14, NULL, 1),
(214, 'TECNOLOGIA DE LOS ALIMENTOS', '3º Año', 14, NULL, 1),
(215, 'BROMATOLOGIA', '3º Año', 14, NULL, 1),
(216, 'SANEAMIENTO II', '3º Año', 14, NULL, 1),
(217, 'PATOLOGIA COMPARADA Y SALUD PUBLICA', '3º Año', 14, NULL, 1),
(218, 'INGLES TECNICO II', '3º Año', 14, NULL, 1),
(219, 'PASANTIA LABORAL', '3º Año', 14, NULL, 1),
(220, 'PROBLEMATICA EDUCATIVA', '1º Año', 15, NULL, 2),
(221, 'SISTEMA EDUCATIVO', '2º Año', 15, NULL, 3),
(222, 'INSTITUCION ESCOLAR', '2º Año', 15, NULL, 2),
(223, 'TALLER: PROF. DEL ROL. DOCENTE', '4º Año', 15, NULL, 3),
(224, 'DIDACTICA', '1º Año', 15, NULL, 3),
(225, 'PS. Y CUL. D/L ALUM. EGB 3 Y POL.', '2º Año', 15, NULL, 1),
(226, 'PSIC. DEL APRENDIZAJE', '1º Año', 15, NULL, 2),
(227, 'PRACTICA PEDAGOGICA I', '2º Año', 15, NULL, 3),
(228, 'PRACTICA PEDAGOGICA II', '3º Año', 15, NULL, 2),
(229, 'PRACTICA PEDAGOGICA III', '3º Año', 15, NULL, 3),
(230, 'RESIDENCIA', '4º Año', 15, NULL, 1),
(231, 'MATEMATICA', '1º Año', 15, NULL, 2),
(232, 'ECONOMIA I', '1º Año', 15, NULL, 2),
(233, 'INTRODUCCION A LAS CIENCIAS SOCIALES Y AL PEN', '1º Año', 15, NULL, 1),
(234, 'DERECHO I', '1º Año', 15, NULL, 3),
(235, 'ADMINISTRACION DE EMPRESAS', '1º Año', 15, NULL, 3),
(236, 'MERCADOTECNIA', '1º Año', 15, NULL, 3),
(237, 'ESTADISTICA', '2º Año', 15, NULL, 2),
(238, 'ECONOMIA II', '2º Año', 15, NULL, 3),
(239, 'DERECHO II', '2º Año', 15, NULL, 1),
(240, 'SISTEMAS DE INFORMACION CONTABLE I', '2º Año', 15, NULL, 1),
(241, 'DIDACTICA DE LAS CIENCIAS ECONOMICAS', '3º Año', 15, NULL, 2),
(242, 'SISTEMA DE INFORMACION CONTABLE II', '3º Año', 15, NULL, 3),
(243, 'HISTORIA ECONOMICA DE ARGENTINA', '2º Año', 15, NULL, 2),
(244, 'INTEGRACION ECONOMICA', '3º Año', 15, NULL, 3),
(245, 'TALLER OPTATIVO: \"COMUNICACION\"', '3º Año', 15, NULL, 3),
(246, 'TALLER OPTATIVO: \"COMERCIO EXTERIOR\"', '3º Año', 15, NULL, 3),
(247, 'METODOLOGIA DE LA INVESTIGACION EN ECONOMIA', '3º Año', 15, NULL, 2),
(248, 'TECNOLOGIA DE LAS ORGANIZACIONES', '4º Año', 15, NULL, 2),
(249, 'PROCESOS PRODUCTIVOS', '4º Año', 15, NULL, 2),
(250, 'GESTION Y CALCULO FINANCIERO', '4º Año', 15, NULL, 3),
(251, 'TALLER OBLIGATORIO: \"MICROEMPRENDIMIENTOS\"', '4º Año', 15, NULL, 1),
(252, 'SEMINARIO OBLIGATORIO: \"ATENCION A LA DIVERSI', '3º Año', 15, NULL, 2),
(254, 'TALLER OPTATIVO: \"PYMES\"', '4º Año', 15, NULL, 2),
(255, 'TALLER OPTATIVO: \"REALIDADES DE LOS COMERCIOS', '4º Año', 15, NULL, 2),
(256, 'TALLER DE METODOLOGIA Y ENSEÑANZA DE LA LENGU', '3º Año', 2, NULL, 1),
(257, 'DIBUJO I', '1º Año', 16, NULL, 1),
(258, 'PINTURA I', '1º Año', 16, NULL, 1),
(259, 'VISION I', '1º Año', 16, NULL, 1),
(260, 'HISTORIA DEL ARTE I', '1º Año', 16, NULL, 1),
(261, 'DIBUJO II', '2º Año', 16, NULL, 1),
(262, 'PINTURA II', '2º Año', 16, NULL, 1),
(263, 'VISION II', '2º Año', 16, NULL, 1),
(264, 'HISTORIA DEL ARTE II', '2º Año', 16, NULL, 1),
(265, 'TALLER DEL ARTE EXPERIMENTAL', '3º Año', 16, NULL, 2),
(266, 'ARTE ARGENTINO III', '3º Año', 16, NULL, 2),
(267, 'MEDIACION PEDAGOGICA', '1º Año', 18, NULL, 2),
(268, 'SISTEMA EDUCATIVO', '3º Año', 18, NULL, 3),
(269, 'INSTITUCION ESCOLAR', '2º Año', 18, NULL, 1),
(270, 'TALLER PROF. ROL. DEL DOCENTE', '4º Año', 18, NULL, 2),
(271, 'DIDACTICA', '1º Año', 18, NULL, 1),
(272, 'PS. Y CULT. D/L ALUM. EGB 3 Y POL.', '2º Año', 18, NULL, 1),
(273, 'PSIC. DEL APRENDIZAJE', '3º Año', 18, NULL, 1),
(274, 'PRACTICA PEDAGOGICA I', '1º Año', 18, NULL, 1),
(275, 'PRACTICA PEDAGOGICA II', '2º Año', 18, NULL, 1),
(276, 'PRACTICA PEDAGOGICA III', '3º Año', 18, NULL, 1),
(277, 'RESIDENCIA', '4º Año', 18, NULL, 3),
(278, 'ALGEBRA I', '1º Año', 18, NULL, 2),
(279, 'ANALISIS MATEMATICO I', '1º Año', 18, NULL, 2),
(280, 'INFORMATICA I', '1º Año', 18, NULL, 3),
(281, 'GEOMETRIA I', '1º Año', 18, NULL, 3),
(282, 'TALLER EUREKA I MET. DE LA INVEST.', '1º Año', 18, NULL, 3),
(283, 'TALLER EUREKA II RES. DE PROBL.', '1º Año', 18, NULL, 3),
(284, 'GEOMETRIA II', '2º Año', 18, NULL, 2),
(285, 'PROBAB. Y ESTADISTICA DESCRIPTIVA', '2º Año', 18, NULL, 2),
(286, 'ALGEBRA II', '2º Año', 18, NULL, 3),
(287, 'DIDACTICA DE LA MATEMATICA', '2º Año', 18, NULL, 3),
(288, 'TALLER EUREKA III: CIERRE RECORRIDO I', '2º Año', 18, NULL, 3),
(289, 'ANALISIS MATEMATICO II', '3º Año', 18, NULL, 2),
(290, 'ESTADISTICA INFERENCIAL', '3º Año', 18, NULL, 2),
(291, 'TALLER EUREKA IV: TELEINFORMAT.', '3º Año', 18, NULL, 2),
(292, 'TALLER EUREKA IV: OLIMP. INFORM.', '3º Año', 18, NULL, 2),
(293, 'INFORMATICA II', '3º Año', 18, NULL, 3),
(294, 'TALLER EUREKA V: CIERRE DEL RECORRIDO 2', '3º Año', 18, NULL, 3),
(295, 'TALLER EUREKA VI: OLIM. MATEM.', '4º Año', 18, NULL, 2),
(296, 'TALLER EUREKA VI: EST. APLIC. D/L INV.', '4º Año', 18, NULL, 3),
(297, 'ANALISIS MATEMATICO III', '4º Año', 18, NULL, 2),
(298, 'FISICA I', '4º Año', 18, NULL, 2),
(299, 'TALLER EUREKA VII: CIERRE DEL RECORRIDO 3', '4º Año', 18, NULL, 2),
(300, 'SEMINARIO: HIST. Y FUND. D/L MAT.', '4º Año', 18, NULL, 3),
(301, 'FISICA II', '4º Año', 18, NULL, 3),
(302, 'SEMINARIO OBLIGATORIO. \"ATENCION A LA DIVERSI', '3º Año', 18, NULL, 3),
(303, 'TALLER OPTATIVO: EDUCACION DE ADULTOS', '4º Año', 18, NULL, 2),
(304, 'TALLER OPTATIVO: PENSAMIENTO LOGICO EN DIFERE', '4º Año', 18, NULL, 2),
(305, 'MEDIACION PEDAGOGICA', '1º Año', 19, NULL, 1),
(306, 'SISTEMA EDUCATIVO', '1º Año', 19, NULL, 1),
(307, 'INSTITUCION ESCOLAR', '2º Año', 19, NULL, 1),
(308, 'TALLER: PROF. ROL. DEL DOCENTE', '3º Año', 19, NULL, 3),
(309, 'DIDACTICA', '1º Año', 19, NULL, 1),
(310, 'PS. Y CULT. D/L ALUM. NIVEL INICIAL', '1º Año', 19, NULL, 1),
(311, 'PSIC. DEL APRENDIZAJE', '2º Año', 19, NULL, 1),
(312, 'PRACTICA PEDAGOGICA I', '1º Año', 19, NULL, 1),
(313, 'PRACTICA PEDAGOGICA II', '2º Año', 19, NULL, 1),
(314, 'PRACTICA PEDAGOGICA III', '3º Año', 19, NULL, 2),
(315, 'RESIDENCIA', '3º Año', 19, NULL, 3),
(316, 'LENGUA', '1º Año', 19, NULL, 1),
(317, 'EDUCACION ARTISTICA', '1º Año', 19, NULL, 1),
(318, 'TALLER: EXPRESION Y COMUNICACION', '1º Año', 19, NULL, 2),
(319, 'TALLER: PERFIL DEL DOCENTE DE NIVEL INICIAL', '1º Año', 19, NULL, 2),
(320, 'MATEMATICA', '2º Año', 19, NULL, 1),
(321, 'CIENCIAS SOCIALES', '2º Año', 19, NULL, 2),
(322, 'TECNOLOGIA', '2º Año', 19, NULL, 1),
(323, 'EDUCACION FISICA', '2º Año', 19, NULL, 1),
(324, 'E.D. INST.: EL DOCENTE Y LA ED. PARA LA SALUD', '2º Año', 19, NULL, 3),
(325, 'FORMACION ETICA Y CIUDADANA', '3º Año', 19, NULL, 2),
(326, 'CIENCIAS NATURALES', '3º Año', 19, NULL, 2),
(327, 'E.D. INST.: RECURSOS PARA LA ELABORACION DE P', '3º Año', 19, NULL, 2),
(328, 'E.D. INST.: ATENCION A LAS NECESIDADES ESPECI', '3º Año', 19, NULL, 3),
(329, 'SEMINARIO OBLIGATORIO: \"ATENCION A LA DIVERSI', '2º Año', 19, NULL, 3),
(330, 'SEMINARIO OPTATIVO: EL NIVEL INICIAL EN ZONA ', '3º Año', 19, NULL, 2),
(331, 'SEMINARIO OPTATIVO: CRITERIOS CONSENSUADOS EN', '3º Año', 19, NULL, 2),
(332, 'OP. CURRICULAR: ANALISIS UTILIZACION Y PRODUC', '2º Año', 19, NULL, 3),
(333, 'OP. CURRICULAR: INFORMATICA EDUCATIVA', '2º Año', 19, NULL, 3),
(334, 'FRANCES I', '1º Año', 17, NULL, 1),
(336, 'FRANCES III', '3º Año', 17, NULL, 1),
(337, 'PORTUGUES I', '1º Año', 20, NULL, 1),
(338, 'PORTUGUES II', '2º Año', 20, NULL, 1),
(339, 'PORTUGUES III', '3º Año', 20, NULL, 1),
(340, 'LITERATURA III', '3º Año', 2, NULL, 1),
(341, 'TRABAJO FINAL', '3º Año', 11, NULL, 1),
(345, 'OPCIONAL11', '1º Año', 21, NULL, 1),
(346, 'OPCIONAL1.2', '1º Año', 21, NULL, 1),
(347, 'OPCIONAL3', '1º Año', 21, NULL, 1),
(348, 'PRUEBA TERMINAL', '3º Año', 21, NULL, 1),
(349, 'RELACIÒN ESTADO SOCIEDAD', '1º Año', 22, NULL, 2),
(350, 'INGLÈS TÈCNICO', '1º Año', 22, NULL, 2),
(351, 'QUÌMICA GENERAL', '1º Año', 22, NULL, 2),
(352, 'BIOLOGÌA GENERAL', '1º Año', 22, NULL, 2),
(353, 'MATEMÀTICA', '1º Año', 22, NULL, 2),
(354, 'CULTURA Y COMUNICACIÓN CONTEMPORÁNEA', '1º Año', 22, NULL, 3),
(355, 'QUÍMICA INORGÁNICA', '1º Año', 22, NULL, 3),
(356, 'FÍSICA', '1º Año', 22, NULL, 3),
(357, 'INFORMÁTICA APLICADA', '1º Año', 22, NULL, 3),
(358, 'MICROBIOLOGÍA GENERAL Y DE LOS ALIMENTOS', '1º Año', 22, NULL, 3),
(359, 'IDENTIDAD Y DESIGUALDAD SOCIOCULTURAL', '2º Año', 22, NULL, 2),
(360, 'QUÍMICA ORGÁNICA', '2º Año', 22, NULL, 2),
(361, 'NUTRICIÓN Y DIETOLOGÍA', '2º Año', 22, NULL, 2),
(362, 'TOXICOLOGÍA Y PARASITOLOGÍA', '2º Año', 22, NULL, 2),
(363, 'BROMATOLOGÍA I', '2º Año', 22, NULL, 2),
(365, 'QUÍMICA BIOLÓGICA', '2º Año', 22, NULL, 3),
(367, 'PRÁCTICA PROFESIONAL I', '2º Año', 22, NULL, 3),
(368, 'SANEAMIENTO II', '3º Año', 22, NULL, 2),
(369, 'BROMATOLOGÍA II', '2º Año', 22, NULL, 2),
(370, 'HIGIENE, SEGURIDAD Y SEGURIDAD ALIMETARIA', '3º Año', 22, NULL, 2),
(371, 'PRÁCTICA PROFESIONAL II', '3º Año', 22, NULL, 2),
(372, 'PROCESOS POL. ECON.Y EL MUNDO DEL TRABAJO', '3º Año', 22, NULL, 3),
(373, 'SANEAMIENTO I', '3º Año', 22, NULL, 3),
(374, 'TECNOLOGÍA DE LOS ALIMENTOS', '3º Año', 22, NULL, 3),
(375, 'RESIDENCIA LABORAL', '3º Año', 22, NULL, 3),
(376, 'RELACIÓN ESTADO-SOCIEDAD', '1º Año', 23, NULL, 2),
(377, 'DERECHO', '1º Año', 23, NULL, 2),
(378, 'PRINCIPIOS DE ADMINISTRACIÓN', '1º Año', 23, NULL, 2),
(379, 'CONTABILIDAD I', '1º Año', 23, NULL, 2),
(380, 'ADMINISTRACION DE PERSONAL', '1º Año', 23, NULL, 2),
(381, 'CULT. Y COMUN. CONT.', '1º Año', 23, NULL, 3),
(382, 'MATEMATICA', '1º Año', 23, NULL, 3),
(383, 'DERECHO COMERCIAL', '1º Año', 23, NULL, 3),
(384, 'INFORMATICA APLICADA I', '1º Año', 23, NULL, 3),
(385, 'PRAC.INST. Y EXP. LAB. I', '1º Año', 23, NULL, 3),
(391, 'PROBLEM. SOCIOCULTURALES', '2º Año', 23, NULL, 2),
(392, 'CONTABILIDAD II', '2º Año', 23, NULL, 2),
(393, 'DERECHO LABORAL', '2º Año', 23, NULL, 2),
(394, 'ESTADÍSTICA', '2º Año', 23, NULL, 2),
(395, 'ECONOMÍA', '2º Año', 23, NULL, 3),
(396, 'TÉCNICA IMPOSITIVA Y LABORAL', '2º Año', 23, NULL, 3),
(397, 'COSTOS Y PRESUPUESTOS', '2º Año', 23, NULL, 3),
(398, 'INFORMÁTICA APLICADA II', '2º Año', 23, NULL, 3),
(399, 'SOC. DE LAS ORGANIZACIONES', '2º Año', 23, NULL, 3),
(400, 'PRÁC.INST. Y EXP. LAB.II', '2º Año', 23, NULL, 1),
(401, 'PROC.POL.-ECON. Y EL M. DEL TRAB.', '3º Año', 23, NULL, 2),
(402, 'INGLÉS TÉCNICO', '3º Año', 23, NULL, 2),
(403, 'ADMINISTRACIÓN ESTRATÉGICA', '3º Año', 23, NULL, 2),
(404, 'COMERCIO INTERNACIONAL', '3º Año', 23, NULL, 2),
(405, 'MARKETING', '3º Año', 23, NULL, 3),
(406, 'ADM. FINANCIERA', '3º Año', 23, NULL, 3),
(407, 'ADM. DE LA PRODUCCIÓN', '3º Año', 23, NULL, 3),
(408, 'INFORMÁTICA APLICADA III', '3º Año', 23, NULL, 3),
(409, 'PRÁC. INST. Y EXP. LAB. III', '3º Año', 23, NULL, 3),
(410, 'RELACIÒN ESTADO - SOCIEDAD', '1º Año', 24, NULL, 2),
(411, 'INTROD. A LA INFORMÁTICA', '1º Año', 24, NULL, 2),
(412, 'INGLÉS TÉCNICO I', '1º Año', 24, NULL, 2),
(413, 'MATEMÁTICA I', '1º Año', 24, NULL, 2),
(414, 'ANÁL. Y DISEÑO DE ALGORITMOS', '1º Año', 24, NULL, 3),
(415, 'OFIMÁTICA', '1º Año', 24, NULL, 3),
(416, 'SISTEMAS OPERATIVOS', '1º Año', 24, NULL, 3),
(417, 'INGLÉS TÉCNICO II', '1º Año', 24, NULL, 3),
(418, 'PRÁCTICA PROFESIONAL I', '1º Año', 24, NULL, 3),
(419, 'PROCESOS POLÍTICOS Y ECONÓMICOS', '2º Año', 24, NULL, 2),
(420, 'MATEMÁTICA  II', '2º Año', 24, NULL, 2),
(421, 'PRÁCTICA PROFESIONAL  II', '2º Año', 24, NULL, 2),
(422, 'PROGRAMACIÓN  I', '2º Año', 24, NULL, 2),
(423, 'BASE DE DATOS  I', '2º Año', 24, NULL, 2),
(424, 'SISTEMAS ADMINISTRATIVOS', '2º Año', 24, NULL, 3),
(425, 'BASE DE DATOS  II', '2º Año', 24, NULL, 3),
(426, 'PROGRANACIÓN II', '2º Año', 24, NULL, 3),
(427, 'PRÁCTICA PROFESIONAL  III', '2º Año', 24, NULL, 3),
(428, 'PROBABILIDAD Y ESTADÍSTICA', '2º Año', 24, NULL, 3),
(429, 'RESIDENCIA LABORAL', '3º Año', 24, NULL, 1),
(430, 'ANÁLISIS DE SISTEMAS  I', '3º Año', 24, NULL, 2),
(431, 'PROGRAMACIÓN  III', '3º Año', 24, NULL, 2),
(432, 'SISTEMAS DE EMPRESAS', '3º Año', 24, NULL, 2),
(433, 'SOCIOLOGÍA DE LAS ORGANIZACIONES', '3º Año', 24, NULL, 3),
(434, 'ÉTICA Y DEONTOLOGÍA PROFESIONAL', '3º Año', 24, NULL, 3),
(435, 'REDES Y COMUNICACIONES', '3º Año', 24, NULL, 3),
(436, 'ANÁLISIS DE SISTEMAS  II', '3º Año', 24, NULL, 3),
(437, 'PEDAGOGÍA', '1º Año', 25, NULL, 2),
(438, 'PSICOLOGÍA EDUCACIONAL', '1º Año', 25, NULL, 3),
(439, 'DIDÁCTICA GENERAL', '1º Año', 25, NULL, 1),
(440, 'LECTURA Y ESCRITURA ACADÉMICA', '1º Año', 25, NULL, 1),
(441, 'SUJETOS DE LA EDUC. INICIAL', '1º Año', 25, NULL, 1),
(442, 'EL JUEGO EN LA EDUC. INICIAL', '1º Año', 25, NULL, 1),
(443, 'ENSEÑANZA DEL LENGUAJE PLÁSTICO VISUAL', '1º Año', 25, NULL, 1),
(444, 'ENSEÑANZA DEL LENGUAJE CORPORAL', '1º Año', 25, NULL, 1),
(445, 'PRÁCTICA I: MÉT. Y TÉC. DE RECOLEC./INST. EDU', '1º Año', 25, NULL, 1),
(446, 'TECNOLOGÍAS DE LA INFORM. Y LA COMUNICACIÓN', '2º Año', 25, NULL, 2),
(447, 'HIST.ARG. Y LATINOAMERICANA', '2º Año', 25, NULL, 2),
(448, 'HIST. Y POL. DE LA EDUC. ARG.', '2º Año', 25, NULL, 3),
(449, 'FILOSOFÍA', '2º Año', 25, NULL, 3),
(450, 'DIDÁCTICA DE LA EDUC. INICIAL I', '2º Año', 25, NULL, 1),
(451, 'ENSEÑANZA DEL LENGUJE MUSICAL', '2º Año', 25, NULL, 1),
(452, 'ENSEÑANZA DE LA MATEMÁTICA', '2º Año', 25, NULL, 1),
(453, 'ENSEÑANZA DE LENGUA Y LITERATURA', '2º Año', 25, NULL, 1),
(454, 'PRÁCTICA II: PROGRAM.DE LA ENSEÑANZA/CURRICUL', '2º Año', 25, NULL, 1),
(455, 'LENGUA EXTRANJERA', '3º Año', 25, NULL, 2),
(456, 'ALFABETIZACIÓN INICIAL', '3º Año', 25, NULL, 2),
(459, 'PROBLEM.CONTEMP. DE LA EDUC.INICIAL', '3º Año', 25, NULL, 2),
(460, 'TECNOLOGÍA DE LA INFORM. Y LA COMUN. EN LA EN', '3º Año', 25, NULL, 2),
(461, 'EDUCACIÓN FÍSICA', '3º Año', 25, NULL, 3),
(462, 'DIDÁCTICA DE LA EDUC.INICIAL II', '3º Año', 25, NULL, 1),
(463, 'ENSEÑANZA DE LAS CS.NATURALES', '3º Año', 25, NULL, 1),
(464, 'ENSEÑANZA DE LAS CS. SOCIALES', '3º Año', 25, NULL, 1),
(465, 'PRÁCTICA III: COORD. DE GRUPOS DE APREND./EVA', '3º Año', 25, NULL, 1),
(466, 'ÉTICA Y CIUDADANÍA', '4º Año', 25, NULL, 2),
(467, 'RESIDENCIA PEDAGÓGICA: SISTEMAT. DE EXPERIENC', '4º Año', 25, NULL, 1),
(468, 'EDUC.SEXUAL INTEGRAL', '4º Año', 25, NULL, 2),
(469, 'PEDAGOGÍA', '1º Año', 26, NULL, 2),
(470, 'PSICOLOGÍA EDUCACIONAL', '1º Año', 26, NULL, 3),
(471, 'DIDÁCTICA GRAL', '1º Año', 26, NULL, 1),
(472, 'LECTURA Y ESCRITURA  ACADÉMICA', '1º Año', 26, NULL, 1),
(473, 'LENGUA Y LITERATURA', '1º Año', 26, NULL, 1),
(474, 'MATEMÁTICA', '1º Año', 26, NULL, 1),
(475, 'CS.SOCIALES', '1º Año', 26, NULL, 1),
(476, 'CS. NATURALES', '1º Año', 26, NULL, 1),
(477, 'PRÁCTICA I: MÉT. Y TÉCN. DE RECOLECC./INST.ED', '1º Año', 26, NULL, 1),
(478, 'TECNOLOGÍAS DE LA INFORM. Y LA COMUNICACIÓN', '2º Año', 26, NULL, 2),
(479, 'HIST. ARG. Y LATINOAMERICANA', '2º Año', 26, NULL, 2),
(480, 'HIST. Y POL. DE LA EDUC. ARG.', '2º Año', 26, NULL, 3),
(481, 'FILOSOFÍA', '2º Año', 26, NULL, 3),
(482, 'ENSEÑANZA DE LA LENGUA Y LITERATURA', '2º Año', 26, NULL, 1),
(483, 'ENSEÑANZA DE LA MATEMÁTICA', '2º Año', 26, NULL, 1),
(484, 'SUJETOS DE LA EDUC.PIMARIA', '2º Año', 26, NULL, 1),
(485, 'PRÁCTICA II:PROGRAM.DE LA ENSEÑANZA/CURRICULU', '2º Año', 26, NULL, 1),
(486, 'LENGUA EXTRANJERA: PORTUGUÉS', '3º Año', 26, NULL, 2),
(487, 'ALFABETIZACIÓN INICIAL', '3º Año', 26, NULL, 2),
(488, 'LENGUAJES ARTÍSTICOS INTEGRADOS', '3º Año', 26, NULL, 3),
(489, 'SOCIOLOGÍA DE LA EDUCACIÓN', '3º Año', 26, NULL, 2),
(490, 'PROBLEM.CONTEMP.DE LA EDUC.PRIMARIA', '3º Año', 26, NULL, 2),
(491, 'TECNOLOGÍA DE LA INFORM.Y LA COMUN.EN LA ENSE', '3º Año', 26, NULL, 3),
(492, 'ENSEÑANZA DE LAS CS. NATURALES', '3º Año', 26, NULL, 1),
(493, 'ENSEÑANZA DE LAS CS. SOCIALES', '3º Año', 26, NULL, 1),
(494, 'PRÁCTICA III:COORD.DE GRUPOS DE APREND./EVAL.', '3º Año', 26, NULL, 1),
(495, 'ÉTICA Y CIUDADANÍA', '4º Año', 26, NULL, 2),
(496, 'EDUC.SEXUAL INTEGRAL', '4º Año', 26, NULL, 3),
(497, 'RESIDENCIA PEDAGÓGICA: SISTEM.DE EXPERIENCIAS', '4º Año', 26, NULL, 1),
(498, 'RELACIÓN ESTADO - SOCIEDAD', '1º Año', 27, NULL, 3),
(499, 'CULTURA Y COM.CONTEMPORÁNEA', '2º Año', 27, NULL, 2),
(500, 'IDENT.,DIVERS. Y DESIG.SOCIALES', '1º Año', 27, NULL, 3),
(501, 'PROC.POL.ECON.DEL MUNDO DEL TRAB.ACTUAL', '3º Año', 27, NULL, 2),
(502, 'ELAB. Y EVAL. DE PROYECTOS', '2º Año', 27, NULL, 3),
(503, 'LEGISLACIÓN TURÍSTICA', '1º Año', 27, NULL, 2),
(504, 'PSIC.APLICADA AL TURISMO', '2º Año', 27, NULL, 2),
(505, 'INGLÉS', '3º Año', 27, NULL, 2),
(506, 'GEOG. TURÍSTICA INTERNAC.', '2º Año', 27, NULL, 3),
(507, 'PORTUGUÉS', '3º Año', 27, NULL, 3),
(508, 'SERV.TURÍSTICOS I (AGENCIA DE VIAJES)', '1º Año', 27, NULL, 2),
(509, 'SERV.TURÍSTICOS II (HOT. Y  ALIMENT.)', '1º Año', 27, NULL, 3),
(510, 'SERV.TURÍSTICOS III (TRANS. Y TARIFAS)', '2º Año', 27, NULL, 2),
(511, 'INTROD. AL TURISMO', '1º Año', 27, NULL, 2),
(512, 'HIST.ARG. Y PATRIMONIO CULTURAL', '1º Año', 27, NULL, 1),
(513, 'GEOG. Y REC.TURÍSTICOS NAT. ARGENTINOS', '1º Año', 27, NULL, 1),
(514, 'ECONOMÍA TURÍSTICA', '2º Año', 27, NULL, 3),
(515, 'ORG. DE EMP. TURÍSTICAS', '3º Año', 27, NULL, 3),
(516, 'GEOG. Y REC. TURÍSTICOS DEL NORDESTE', '2º Año', 27, NULL, 1),
(517, 'HIST. Y PATRIM. CULTURAL DEL NEA', '2º Año', 27, NULL, 1),
(518, 'ANTROP.CULT.ARG. Y REGIONAL', '3º Año', 27, NULL, 3),
(519, 'ELABORACIÓN DE PROY.TURÍSTICOS', '3º Año', 27, NULL, 3),
(520, 'INFORMÁTICA APLICADA', '3º Año', 27, NULL, 2),
(521, 'PASANTÍA', '3º Año', 27, NULL, 1),
(523, 'PRUEBA', '1º Año', 21, NULL, 1),
(525, 'PRUEBA123', '1º Año', 21, NULL, 1),
(526, '12', '1º Año', 11, NULL, 1),
(527, 'RELAC.EST.SOCIEDAD', '1º Año', 28, NULL, 2),
(528, 'CULT. Y COM. CONTEPORÁNEA', '1º Año', 28, NULL, 3),
(529, 'PROBLEM. SOCIOCULTURALES', '2º Año', 28, NULL, 2),
(530, 'PROC.POL.ECON.Y EL MUNDO DEL TRAB. ACTUAL', '3º Año', 28, NULL, 2),
(531, 'MATEMÁTICA', '1º Año', 28, NULL, 2),
(532, 'DERECHO PRIVADO', '1º Año', 28, NULL, 2),
(533, 'ADMINISTRACIÓN', '1º Año', 28, NULL, 2),
(534, 'ESTADÍSTICA', '2º Año', 28, NULL, 2),
(535, 'TECNOLOGÍA DE LA INFORMACIÓN', '2º Año', 28, NULL, 2),
(536, 'CONTABILIDAD BÁSICA', '1º Año', 28, NULL, 2),
(537, 'ADM. DE LA PRODUCCIÓN', '3º Año', 28, NULL, 3),
(538, 'INFORMÁTICA APLICADA', '1º Año', 28, NULL, 1),
(539, 'TRIBUTOS', '2º Año', 28, NULL, 3),
(540, 'PSICISOCIOLOGÍA DE LAS ORGANIZACIONES', '2º Año', 28, NULL, 3),
(541, 'DERECHO COMERCIAL', '2º Año', 28, NULL, 2),
(542, 'ECONOMÍA', '2º Año', 28, NULL, 3),
(543, 'ADMINISTRACIÓN ESTRATÉGICA', '3º Año', 28, NULL, 2),
(544, 'ADMINISTRACIÓN DE PERSONAL', '1º Año', 28, NULL, 3),
(545, 'COSTOS Y  PRESUPUESTOS', '2º Año', 28, NULL, 3),
(546, 'TEORÍA Y PRÁCTICA LABORAL', '3º Año', 28, NULL, 3),
(547, 'ADMINISTRACIÓN FINANCIERA', '3º Año', 28, NULL, 3),
(548, 'INGLÉS TÉCNICO', '3º Año', 28, NULL, 2),
(549, 'PORTUGUÉS TÉCNICO', '3º Año', 28, NULL, 3),
(550, 'INTERNACIONALIZACIÓN EMPRESARIA', '1º Año', 28, NULL, 3),
(551, 'ADMINISTRACIÓN DE LA PYME', '3º Año', 28, NULL, 2),
(552, 'PRÁCT. PROFESIONALIZANTE I', '1º Año', 28, NULL, 3),
(553, 'PRÁCT. PROFESIONALIZANTE II', '2º Año', 28, NULL, 1),
(554, 'PRÁCT. PROFESIONALIZANTE III', '3º Año', 28, NULL, 1),
(555, 'REL.EST.SOCIEDAD', '1º Año', 29, NULL, 2),
(556, 'INGLÉS TÉCNICO', '1º Año', 29, NULL, 2),
(557, 'QUÍMICA GENERAL', '1º Año', 29, NULL, 2),
(558, 'BIOLOGÍA GENERAL', '1º Año', 29, NULL, 2),
(559, 'MATEMÁTICA', '1º Año', 29, NULL, 2),
(560, 'CULT. Y COM. CONTEMPORÁNEA', '1º Año', 29, NULL, 3),
(561, 'QUÍMICA INORGÁNICA', '1º Año', 29, NULL, 3),
(562, 'FÍSICA', '1º Año', 29, NULL, 3),
(563, 'INFORM.APLICADA', '1º Año', 29, NULL, 3),
(564, 'MICROB.GRAL Y DE LOS ALIMENTOS', '1º Año', 29, NULL, 3),
(565, 'IDENT.Y DESIG.SOCIOCULTURAL', '2º Año', 29, NULL, 2),
(566, 'QUÍMICA ORGÁNICA', '2º Año', 29, NULL, 2),
(567, 'NUTRIC. Y DIETOLOGÍA', '2º Año', 29, NULL, 2),
(568, 'BROMATOLOGÍA I', '2º Año', 29, NULL, 2),
(569, 'ECOLOGÍA Y MEDIO AMBIENTE', '2º Año', 29, NULL, 3),
(570, 'QUÍMICA BIOLÓGICA', '2º Año', 29, NULL, 3),
(571, 'BROMATOLOGÍA II', '2º Año', 29, NULL, 3),
(572, 'PRÁCT.PROFESIONAL I', '2º Año', 29, NULL, 3),
(575, 'SEMINARIO ZOONOSIS Y SALUD PÚBLICA', '3º Año', 29, NULL, 2),
(576, 'SANEAMIENTO I', '3º Año', 29, NULL, 2),
(577, 'HIGIENE, SEG. Y LEG.ALIMENTARIA', '3º Año', 29, NULL, 2),
(578, 'PRÁCT.PROFESIONAL II', '3º Año', 29, NULL, 2),
(579, 'PROC.POLÍT.ECON.Y EL MUNDO DEL TRABAJO', '3º Año', 29, NULL, 3),
(580, 'TECN. DE LOS ALIMENTOS', '3º Año', 29, NULL, 3),
(581, 'SANEAMIENTO II', '3º Año', 29, NULL, 3),
(582, 'RESIDENCIA LABORAL', '3º Año', 29, NULL, 3),
(583, 'TOXICOLOGÍA Y PARASITOLOGÍA', '2º Año', 29, NULL, 2),
(584, 'ECOLOGÌA Y MEDIO  AMBIENTE', '2º Año', 22, NULL, 3),
(585, 'RELAC.EST.SOCIEDAD', '1º Año', 30, NULL, 2),
(586, 'SIST.ADMINISTRATIVOS', '1º Año', 30, NULL, 2),
(587, 'INGLÉS', '1º Año', 30, NULL, 2),
(588, 'MATEMÁTICA', '1º Año', 30, NULL, 2),
(589, 'ANÁLISIS DE SISTEMAS', '1º Año', 30, NULL, 2),
(590, 'COMPUTACIÓN', '1º Año', 30, NULL, 2),
(591, 'CULT.Y COM.CONTEMPORÁNEA', '1º Año', 30, NULL, 3),
(592, 'EST.Y PROBABILIDAD', '1º Año', 30, NULL, 3),
(593, 'INGLÉS TÉCNICO', '1º Año', 30, NULL, 3),
(594, 'PRÁCT.PROFESIONALIZANTE I', '1º Año', 30, NULL, 3),
(595, 'PROC.POL.ECON.Y DEL MUNDO ACTUAL', '2º Año', 30, NULL, 2),
(596, 'PROGRAMACIÓN', '2º Año', 30, NULL, 2),
(597, 'REDES Y TELECOMUNICACIONES', '2º Año', 30, NULL, 2),
(598, 'ARQUITECTURA DE COMPUTADORAS', '2º Año', 30, NULL, 2),
(599, 'TECNOLOGÍA DE LA INFORMACIÓN', '2º Año', 30, NULL, 2),
(600, 'INFRAESTRUCTURA TECNOLÓGICA I', '2º Año', 30, NULL, 2),
(601, 'INVEST. OPERATIVA', '2º Año', 30, NULL, 3),
(602, 'PRÁCT.PROFESIONALIZANTE II', '2º Año', 30, NULL, 3),
(603, 'ADM.DE REDES I', '2º Año', 30, NULL, 3),
(604, 'SIST.OPERATIVO', '2º Año', 30, NULL, 3),
(605, 'SERV.Y REC. EN REDES', '3º Año', 30, NULL, 2),
(606, 'ADM.EN REDES II', '3º Año', 30, NULL, 2),
(607, 'SEGURIDAD Y SISTEMAS', '3º Año', 30, NULL, 2),
(608, 'SOFTWARE DE REDES', '3º Año', 30, NULL, 2),
(609, 'PRÁCT.PROFESIONALIZANTE III', '3º Año', 30, NULL, 2),
(610, 'INFRAESTRUCTURA TECNOLÓGICA II', '3º Año', 30, NULL, 2),
(611, 'REC.DE APL. INFOTELEMÁTICA', '3º Año', 30, NULL, 3),
(612, 'MARCO ÉTICO Y NORM.DE LA PROFESIÓN', '3º Año', 30, NULL, 3),
(613, 'INGENIERÍA EN SOFTWARE Y HARDWARE', '3º Año', 30, NULL, 3),
(614, 'DESARROLLO DE MATERIALES Y OBJETOS LÚDICOS', '3º Año', 25, NULL, 3),
(615, 'PROP.VARIABLE O COMPL. 1: LITERATURA INFANTIL', '3º Año', 25, NULL, 3),
(616, 'ATENEO DID.: LENGUA Y LITERATURA', '4º Año', 25, NULL, 1),
(617, 'ATENEO DID.: CIENCIAS SOCIALES', '4º Año', 25, NULL, 1),
(618, 'ATENEO DID.: CIENCIAS NATURALES', '4º Año', 25, NULL, 1),
(619, 'ATENEO DID.: MATEMÁTICA', '4º Año', 25, NULL, 1),
(620, 'PROP.VARIABLE O COMPL. 2: INTEGRACIÓN ESCOLAR', '4º Año', 25, NULL, 3),
(621, 'PROP.VARIABLE O COMPL. 3: EDUC. TECNOLÓGICA', '4º Año', 25, NULL, 3),
(622, 'PROP.VARIABLE O COMPL. 4: LENGUAJES ARTÍSTICO', '4º Año', 25, NULL, 3),
(623, 'PROP.VARIABLE O COMPL.1 SEMINARIO: LITERATURA', '3º Año', 26, NULL, 2),
(624, 'PROP.VARIABLE O COMPL.2: EDUCACIÓN FÍSICA', '3º Año', 26, NULL, 3),
(625, 'PROP.VARIABLE O COMPL.:INTEGRACIÓN ESCOLAR', '4º Año', 26, NULL, 2),
(627, 'SOCIOLOGÍA DE LA EDUCACIÓN', '3º Año', 25, NULL, 2),
(628, 'MEDIACIÓN PEDAGÓGICA', '1º Año', 33, NULL, 1),
(629, 'DIDÁCTICA', '1º Año', 33, NULL, 1),
(630, 'PRÁCTICA PEDAGÓGICA I', '1º Año', 33, NULL, 1),
(631, 'MATEMÁTICA Y ESTADÍSTICA', '1º Año', 33, NULL, 1),
(632, 'INTRODUCCIÓN A LA FÍSICA', '1º Año', 33, NULL, 2),
(633, 'INTRODUCCIÓN A LA QUÍMICA', '1º Año', 33, NULL, 2),
(634, 'FUNDAMENTOS DE BIOLOGÍA', '1º Año', 33, NULL, 2),
(635, 'INTRODUCCIÓN A LA GEOLOGÍA', '1º Año', 33, NULL, 3),
(636, 'EPISTEMOLOGÍA E HISTORIA DE LAS CIENCIAS', '1º Año', 33, NULL, 3),
(637, 'QUÍMICA BIOLÓGICA Y BIOFÍSICA', '1º Año', 33, NULL, 3),
(638, 'INSTITUCIÓN ESCOLAR', '2º Año', 33, NULL, 1),
(639, 'PSICOLOGÍA Y CULTURA DE LOS ALUMNOS DE EGB 3 ', '2º Año', 33, NULL, 1),
(640, 'PRÁCTICA PEDAGÓGICA II', '2º Año', 33, NULL, 1),
(641, 'BIOLOGÍA CELULAR Y MOLECULAR', '2º Año', 33, NULL, 1),
(642, 'BIOLOGÍA VEGETAL', '2º Año', 33, NULL, 1),
(643, 'DIDÁCTICA ESPECIAL', '2º Año', 33, NULL, 1),
(644, 'SEMINARIO I', '2º Año', 33, NULL, 2),
(645, 'MICROBIOLOGÍA Y MICOLOGÍA', '2º Año', 33, NULL, 3),
(646, 'SISTEMA EDUCATIVO', '3º Año', 33, NULL, 1),
(647, 'PSICOLOGÍA DEL APRENDIZAJE', '3º Año', 33, NULL, 1),
(648, 'PRÁCTICA PEDAGÓGICA III', '3º Año', 33, NULL, 1),
(649, 'BIOLOGÍA ANIMAL', '3º Año', 33, NULL, 1),
(650, 'BIOLOGÍA HUMANA Y SALUD', '3º Año', 33, NULL, 1),
(651, 'METODOLOGÍA DE LA INVESTIGACIÓN', '3º Año', 33, NULL, 1),
(652, 'SEM. OBL.: ATENCIÓN A LA DIVERSIDAD', '3º Año', 33, NULL, 1),
(653, 'TALLER: INFORMÁTICA', '3º Año', 33, NULL, 3),
(654, 'SEMINARIO II', '3º Año', 33, NULL, 2),
(655, 'TALLER: PROF. DEL ROL DOCENTE', '4º Año', 33, NULL, 3),
(656, 'RESIDENCIA', '4º Año', 33, NULL, 3),
(657, 'SEMINARIO FINAL', '4º Año', 33, NULL, 3),
(658, 'BIOTECNOLOGÍA', '4º Año', 33, NULL, 3),
(659, 'GENÉTICA', '4º Año', 33, NULL, 2),
(660, 'EVOLUCIÓN', '4º Año', 33, NULL, 2),
(661, 'ECOLOGÍA', '4º Año', 33, NULL, 2),
(662, 'TALLER OPC.: EDUC.AMBIENTAL', '4º Año', 33, NULL, 2),
(663, 'TALLER OPC.:  EDUC. PARA LA SALUD', '4º Año', 33, NULL, 2),
(664, 'INTROD.A LAS CS. SOCIALES Y AL PENSAMIENTO CI', '1º Año', 34, NULL, 1),
(665, 'PROBLEMÁTICA EDUCATIVA', '1º Año', 34, NULL, 2),
(666, 'PSICOLOGÍA DEL APRENDIZAJE', '1º Año', 34, NULL, 2),
(667, 'MATEMÁTICA', '1º Año', 34, NULL, 2),
(668, 'ECONOMÍA I', '1º Año', 34, NULL, 2),
(669, 'DIDÁCTICA', '1º Año', 34, NULL, 3),
(670, 'DERECHO I', '1º Año', 34, NULL, 3),
(671, 'ADMINISTRACIÓN DE EMPRESAS', '1º Año', 34, NULL, 3),
(672, 'MERCADOTECNIA', '1º Año', 34, NULL, 3),
(673, 'PSICOLOGÍA Y CULTURA DE LOS ALUMNOS DE LA EGB', '2º Año', 34, NULL, 1),
(674, 'DERECHO II', '2º Año', 34, NULL, 1),
(675, 'SISTENAS DE INFORMACIÓN CONTABLE I', '2º Año', 34, NULL, 1),
(676, 'INSTITUCIÓN ESCOLAR', '2º Año', 34, NULL, 2),
(677, 'ESTADÍSTICA', '2º Año', 34, NULL, 2),
(678, 'HISTORIA ECONÓMICA ARGENTINA', '2º Año', 34, NULL, 2),
(679, 'SISTEMA EDUCACTIVO', '2º Año', 34, NULL, 3),
(680, 'PRÁCTICA PEDAGÓGICA I', '2º Año', 34, NULL, 3),
(681, 'ECONOMÍA II', '2º Año', 34, NULL, 3),
(682, 'PRÁCTICA PEDAGÓGICA II', '3º Año', 34, NULL, 2),
(683, 'DIDÁCTICA DE LAS CS.ECONÓMICAS', '3º Año', 34, NULL, 2),
(684, 'METODOLOGÍA DE LA INVESTIGACIÓN EN ECONOMÍA', '3º Año', 34, NULL, 2),
(685, 'SEM.OBL.: ATENCIÓN A LA DIVERSIDAD', '3º Año', 34, NULL, 2),
(686, 'PRÁCTICA PEDAGÓGICA III', '3º Año', 34, NULL, 3),
(687, 'SISTEMAS DE INFORMACIÓN CONTABLE II', '3º Año', 34, NULL, 3),
(688, 'INTEGRACIÓN ECONÓMICA', '3º Año', 34, NULL, 3),
(689, 'TALLER OPT.: COMUNICACIÓN', '3º Año', 34, NULL, 3),
(690, 'TALLER OPT.: COMERCIO EXTERIOR', '3º Año', 34, NULL, 3),
(691, 'RESIDENCIA', '4º Año', 34, NULL, 1),
(692, 'TALLER OBL.: MICROEMPRENDIMIENTO', '4º Año', 34, NULL, 1),
(693, 'TECNOLOGÍA DE LAS ORGANIZACIONES', '4º Año', 34, NULL, 2),
(694, 'PROCESOS PRODUCTIVOS', '4º Año', 34, NULL, 2),
(695, 'TALLER OPT.: REALIDADES DE LOS COMERCIOS EN L', '4º Año', 34, NULL, 2),
(696, 'TALLER OPT.: PYMES', '4º Año', 34, NULL, 2),
(697, 'TALLER : PROF.ROL DOCENTE', '4º Año', 34, NULL, 3),
(698, 'GESTIÓN FINANCIERA Y CÁLCULO FINANCIERO', '4º Año', 34, NULL, 3),
(699, 'DIDÁCTICA', '1º Año', 32, NULL, 1),
(700, 'PRÁCTICA PEDAGÓGICA I', '1º Año', 32, NULL, 1),
(701, 'GEOGRAFÍA FÍSICA', '1º Año', 32, NULL, 1),
(702, 'INTRODUCCIÓN A LA  ECONOMÍA', '1º Año', 32, NULL, 2),
(703, 'INTRODUCCIÓN A LA GEOGRAFÍA', '1º Año', 32, NULL, 2),
(704, 'TALLER OBL.: HISTORIA CONTEMPORÁNEA SIGLO XX', '1º Año', 32, NULL, 2),
(705, 'MEDIACIÓN PEDAGÓGICA', '1º Año', 32, NULL, 3),
(706, 'INTRODUCCIÓN A LA SOCIOLOGÍA', '1º Año', 32, NULL, 3),
(707, 'SEM. OPC.: GRANDES MEGALÓPOLIS', '1º Año', 32, NULL, 3),
(708, 'TALLER OPC.. METODOLOGÍA DE LA INVESTIGACIÓN', '1º Año', 32, NULL, 3),
(709, 'INSTITUCIÓN ESCOLAR', '2º Año', 32, NULL, 1),
(710, 'PSICOLOGÍA Y CULTURA DE LOS ALUMNOS DE LA EGB', '2º Año', 32, NULL, 1),
(711, 'PRÁCTICA PEDAGÓGICA II', '2º Año', 32, NULL, 1),
(712, 'GEOGRAFÍA HUMANA', '2º Año', 32, NULL, 1),
(713, 'AMBIENTES Y ESPACIOS MUNDIALES', '2º Año', 32, NULL, 1),
(714, 'DIDÁCTICA DE LA GEOGRAFÍA', '2º Año', 32, NULL, 3),
(715, 'TALLER OBL.: CARTOGRAFÍA', '2º Año', 32, NULL, 2),
(716, 'PRÁCTICA PEDAGÓGICA III', '3º Año', 32, NULL, 1),
(717, 'EL CONTINENTE AMERICANO', '3º Año', 32, NULL, 1),
(718, 'INTRODUCCIÓN A LA ANTROPOLOGÍA', '3º Año', 32, NULL, 2),
(719, 'INTRODUCCIÓN A LAS CIENCIAS POLÍTICAS', '3º Año', 32, NULL, 2),
(720, 'SEMINARIO: ATENCIÓN A LA DIVERSIDAD', '3º Año', 32, NULL, 2),
(721, 'SISTEMA EDUCATIVO', '3º Año', 32, NULL, 3),
(722, 'PSICOLOGÍA DEL APRENDIZAJE', '3º Año', 32, NULL, 3),
(724, 'TALLER OPC.: CULTURA DE LA POBREZA', '3º Año', 32, NULL, 3),
(725, 'GEOGRAFÍA GENERAL DE ARGENTINA', '4º Año', 32, NULL, 1),
(726, 'TALLER: PROF.ROL DOCENTE', '4º Año', 32, NULL, 2),
(727, 'MARCO REGIONAL ARGENTINO: EL NORDESTE', '4º Año', 32, NULL, 1),
(728, 'GEOTECNOLOGÍA', '4º Año', 32, NULL, 2),
(729, 'GEOGRAFÍA POLÍTICA', '4º Año', 32, NULL, 2),
(730, 'TALLER OBL.. PROBLEMAS AMBIENTALES', '4º Año', 32, NULL, 2),
(731, 'RESIDENCIA', '4º Año', 32, NULL, 3),
(732, 'DIDÁCTICA', '1º Año', 31, NULL, 1),
(733, 'PRÁCTICA PEDAGÓGICA I', '1º Año', 31, NULL, 1),
(734, 'MEDIACIÓN PEDAGÓGICA', '1º Año', 31, NULL, 2),
(735, 'ALGEBRA I', '1º Año', 31, NULL, 2),
(736, 'ANÁLISIS MATEMÁTICO I', '1º Año', 31, NULL, 2),
(737, 'INFORMÁTICA I', '1º Año', 31, NULL, 3),
(738, 'GEOMETRÍA I', '1º Año', 31, NULL, 3),
(739, 'TALLER EUREKA I: MET. DE LA INVESTIGACIÓN', '1º Año', 31, NULL, 3),
(740, 'TALLER EUREKA II: RESOLUCIÓN DE PROBLEMAS', '1º Año', 31, NULL, 3),
(741, 'INSTITUCIÓN ESCOLAR', '2º Año', 31, NULL, 1),
(742, 'PSICOLOGÍA Y CULTURA DE LOS ALUMNOS DE EGB 3 ', '2º Año', 31, NULL, 1),
(743, 'PRÁCTICA PEDAGÓGICA II', '2º Año', 31, NULL, 1),
(744, 'GEOMETRÍA II', '2º Año', 31, NULL, 2),
(745, 'PROBABILIDAD Y ESTADÍSTICA DESCRIPTIVA', '2º Año', 31, NULL, 2),
(746, 'ALGEBRA II', '2º Año', 31, NULL, 3),
(747, 'DIDÁCTICA DE LA MATEMÁTICA', '2º Año', 31, NULL, 3),
(748, 'TALLER EUREKA III: CIERRE RECORRIDO I', '2º Año', 31, NULL, 3),
(749, 'PRÁCTICA PEDAGÓGICA III', '3º Año', 31, NULL, 1),
(750, 'PSICOLOGÍA DEL APRENDIZAJE', '3º Año', 31, NULL, 2),
(751, 'ANÁLISIS MATEMÁTICO II', '3º Año', 31, NULL, 2),
(752, 'ESTADÍSTICA INFERENCIAL', '3º Año', 31, NULL, 2),
(753, 'TALLER EUREKA IV: TELEINFORMÁTICA', '3º Año', 31, NULL, 2),
(754, 'TALLER EUREKA IV: OLIMPÍADAS INFORMÁTICAS', '3º Año', 31, NULL, 2),
(755, 'INFORMÁTICA II', '3º Año', 31, NULL, 3),
(756, 'TALLER EUREKA V: CIERRE RECORRIDO II', '3º Año', 31, NULL, 3),
(758, 'TALLER: PROF. ROL DOCENTE', '4º Año', 31, NULL, 2),
(759, 'TALLER EUREKA VI: OLIMPÍADAS MATEMÁTICAS', '4º Año', 31, NULL, 2),
(760, 'TALLER EUREKA VI: ESTADÍSTICA APLICADA A LA I', '4º Año', 31, NULL, 2),
(761, 'ANÁLISIS MATEMÁTICO III', '4º Año', 31, NULL, 2),
(762, 'FÍSICA I', '4º Año', 31, NULL, 2),
(763, 'TALLER EUREKA VII: CIERRE RECORRIDO III', '4º Año', 31, NULL, 2),
(764, 'TALLER OPC.: EDUCACIÓN DE ADULTOS', '4º Año', 31, NULL, 2),
(765, 'RESIDENCIA', '4º Año', 31, NULL, 3),
(766, 'SEMINARIO: HISTORIA Y FUNDAMENTOS DE LA MATEM', '4º Año', 31, NULL, 3),
(767, 'FÍSICA II', '4º Año', 31, NULL, 3),
(768, 'DIDÁCTICA', '1º Año', 35, NULL, 1),
(769, 'PRÁCTICA PEDAGÓGICA I', '1º Año', 35, NULL, 1),
(770, 'INTRODUCCIÓN A LA SOCIOLOGÍA', '1º Año', 35, NULL, 2),
(771, 'HISTORIA DE ANTIGUO ORIENTE', '1º Año', 35, NULL, 2),
(772, 'INTRODUCCIÓN A LA HISTORIA', '1º Año', 35, NULL, 2),
(773, 'TALLER OPC.. DERECHOS DE LOS PUEBLOS INDÍGENA', '1º Año', 35, NULL, 2),
(775, 'MEDIACIÓN PEDAGÓGICA', '1º Año', 35, NULL, 3),
(776, 'INTRODUCCIÓN A LAS CS. ANTROPOLÓGICAS', '1º Año', 35, NULL, 3),
(777, 'INTRODUCCIÓN A LA ECONOMÍA', '1º Año', 35, NULL, 3),
(778, 'HISTORIA DE GRECIA Y ROMA', '1º Año', 35, NULL, 3),
(779, 'INSTITUCIÓN ESCOLAR', '2º Año', 35, NULL, 1),
(780, 'PSICOLOGÍA Y CULTURA DE LOS ALUMNOS DE LA EGB', '2º Año', 35, NULL, 1),
(781, 'PRÁCTICA PEDAGÓGICA II', '2º Año', 35, NULL, 1),
(782, 'HISTORIA MEDIEVAL', '2º Año', 35, NULL, 2),
(783, 'DIDÁCTICA ESPECIAL', '2º Año', 35, NULL, 2),
(784, 'ARQUEOLOGÍA Y ETNOHISTORIA AMERICANA', '2º Año', 35, NULL, 2),
(785, 'HISTORIA MODERNA', '2º Año', 35, NULL, 3),
(786, 'HISTORIA AMÉRICA COLONIAL', '2º Año', 35, NULL, 3),
(787, 'HISTORIA ARGENTINA COLONIAL', '2º Año', 35, NULL, 3),
(788, 'PRÁCTICA PEDAGÓGICA III', '3º Año', 35, NULL, 1),
(789, 'PSICOLOGÍA DEL APRENDIZAJE', '3º Año', 35, NULL, 2),
(790, 'HISTORIA CONTEMPORÁNEA SIGLO XIX', '3º Año', 35, NULL, 2),
(791, 'HISTORIA AMERICANA SIGLO XIX', '3º Año', 35, NULL, 2),
(792, 'HISTORIA ARGENTINA INDEPENDIENTE SIGLO XIX', '3º Año', 35, NULL, 2),
(793, 'SISTEMA EDUCATIVO', '3º Año', 35, NULL, 3),
(794, 'CORRIENTES HISTORIOGRÁFICAS', '3º Año', 35, NULL, 3),
(795, 'HISTORIA CONTEMPORÁNEA SIGLO XX', '3º Año', 35, NULL, 3),
(796, 'SEMINARIO OBL.: ATENCIÓN A LA DIVERSIDAD', '3º Año', 35, NULL, 3),
(797, 'TALLER: PROF. DEL ROL DOCENTE', '4º Año', 35, NULL, 2),
(798, 'FUNDAMENTOS Y METODOLOGÍA DE LA INVESTIGACIÓN', '4º Año', 35, NULL, 2),
(799, 'HISTORIA ARGENTINA  SIGLO XX', '4º Año', 35, NULL, 2),
(800, 'HISTORIA DE CORRIENTES', '4º Año', 35, NULL, 2),
(801, 'HISTORIA AMERICANA SIGLO XX', '4º Año', 35, NULL, 2),
(802, 'ESP.OPC.: PENSAMIENTO MÍTICO ENTRE LOS GUARAN', '4º Año', 35, NULL, 2),
(804, 'RESIDENCIA', '4º Año', 35, NULL, 3),
(805, 'METODOLOGÍA DE LA INVESTIGACIÓN', '4º Año', 35, NULL, 3),
(806, 'SEMINARIO DE HISTORIA', '4º Año', 35, NULL, 3),
(807, 'ESP.OBL.: RESCATE DE LA MEMORIA', '4º Año', 35, NULL, 3),
(808, 'SINTEMA EDUCATIVO', '3º Año', 31, NULL, 3),
(809, 'SEMINARIO: ZOONOSIS Y SALUD PÚBLICA', '3º Año', 22, NULL, 2),
(810, 'INTRODUCCIÓN A LA HISTORIA', '2º Año', 32, NULL, 2),
(811, 'TALLER: SEM. ATENCIÓN A LA DIVERSIDAD', '3º Año', 31, NULL, 1),
(812, 'INTRODUCCION A LA BIOLOGIA', '1º Año', 36, NULL, 2),
(813, 'INTRODUCCION A LA EPIDEMIOLOGIA', '1º Año', 36, NULL, 2),
(814, 'SALUD Y AMBIENTE', '1º Año', 36, NULL, 2),
(815, 'INTRODUCCION A LA SALUD PUBLICA', '1º Año', 36, NULL, 1),
(816, 'EQUIPO DE SALUD', '1º Año', 36, NULL, 3),
(817, 'PRACTICA PROFESIONAL 1', '1º Año', 36, NULL, 3),
(818, 'ANATOMIA Y FISIOLOGIA HUMANA', '1º Año', 36, NULL, 1),
(819, 'PRIMEROS AUXILIOS Y PRACT. DE EMERGENCIA', '1º Año', 36, NULL, 1),
(820, 'HERRAMIENTAS DE EPIDEMIOLOGIA', '1º Año', 36, NULL, 3),
(821, 'PROMOCION Y PREVENCION DE SALUD', '2º Año', 36, NULL, 2),
(822, 'EDUCACION PARA LA SALUD', '2º Año', 36, NULL, 1),
(823, 'NUTRICION Y ALIMENTACION', '2º Año', 36, NULL, 1),
(824, 'LENGUA CON FINES ESPECIFICOS', '2º Año', 36, NULL, 2),
(825, 'ATENCION PRIMARIA DE LA SALUD', '2º Año', 36, NULL, 1),
(826, 'PLANIFICACION LOCAL PARTICIPATIVA', '2º Año', 36, NULL, 3),
(827, 'PRACTICA PROFESIONAL II', '2º Año', 36, NULL, 3),
(828, 'INFORMATICA', '2º Año', 36, NULL, 3),
(829, 'SALUD FAMILIAR', '2º Año', 36, NULL, 1),
(830, 'REDES SOCIALES', '3º Año', 36, NULL, 2),
(831, 'SALUD FAMILIAR II', '3º Año', 36, NULL, 1),
(832, 'PROCESOS POLITICOS, ECONOMICOS Y EL MUNDO DEL', '3º Año', 36, NULL, 2),
(833, 'FORMULACION DE PROYECTOS', '3º Año', 36, NULL, 2),
(834, 'PSICOLOGIA SOCIAL Y ANTROPOLOGIA', '3º Año', 36, NULL, 3),
(835, 'PRACTICA PROFESIONAL III', '3º Año', 36, NULL, 1),
(836, 'TRABAJO FINAL INTEGRADOR', '3º Año', 36, NULL, 3),
(837, 'RELACION ESTADO Y SOCIEDAD', '1º Año', 37, NULL, 2),
(838, 'INGLES TECNICO', '1º Año', 37, NULL, 2),
(839, 'FISICA', '1º Año', 37, NULL, 2),
(840, 'QUIMICA', '1º Año', 37, NULL, 1),
(841, 'MATEMATICA', '1º Año', 37, NULL, 1),
(842, 'CULTURA Y COMUNICACION CONTEMPORANEA', '1º Año', 37, NULL, 3),
(843, 'ESTADISTICA E INFORMATICA APLICADA', '1º Año', 37, NULL, 3),
(844, 'BIOLOGIA GENERAL', '1º Año', 37, NULL, 3),
(845, 'PRACTICA PROFESIONAL I', '1º Año', 37, NULL, 3),
(846, 'QUIMICA DE LOS ALIMENTOS', '2º Año', 37, NULL, 2),
(847, 'FENOMENOS DE TRANSPORTE', '2º Año', 37, NULL, 2),
(848, 'MICROBIOLOGIA GENERAL Y APLICADA', '2º Año', 37, NULL, 1),
(849, 'TECNOLOGIA DE LOS ALIMENTOS', '2º Año', 37, NULL, 1),
(850, 'IDENTIDAD Y DESIGUALDAD SOCIOCULTURAL', '2º Año', 37, NULL, 3),
(851, 'BROMATOLOGIA', '2º Año', 37, NULL, 3),
(852, 'OPERACIONES UNITARIAS', '2º Año', 37, NULL, 3),
(853, 'PRACTICA PROFESIONAL II', '2º Año', 37, NULL, 1),
(854, 'SEGURIDAD E HIGIENE EN EL TRABAJO', '3º Año', 37, NULL, 2),
(855, 'ECONOMIA Y ORGANIZACION DE LA EMPRESA ALIMENT', '3º Año', 37, NULL, 2),
(856, 'LEGISLACION ALIMENTARIA', '3º Año', 37, NULL, 2),
(857, 'TECNOLOGIA DE LOS ALIMENTOS  II', '3º Año', 37, NULL, 1),
(858, 'PROCESOS POLITICOS, ECONOMICOS Y EL MUNDO DEL', '3º Año', 37, NULL, 3),
(859, 'AUTOMATIZACION Y CONTROL DE PROCESOS', '3º Año', 37, NULL, 3),
(860, 'GESTION DE CALIDAD E INOCUIDAD DE ALIMENTOS', '3º Año', 37, NULL, 3),
(861, 'PRACTICA PROFESIONAL', '3º Año', 37, NULL, 1),
(862, 'PEDAGOGIA', '1º Año', 38, NULL, 2),
(863, 'PSICOLOGIA EDUCACIONAL', '1º Año', 38, NULL, 3),
(864, 'DIDACTICA GENERAL', '1º Año', 38, NULL, 1),
(865, 'LECTURA Y ESCRITURA ACADEMICA', '1º Año', 38, NULL, 1),
(866, 'INTRODUCCION A LA HISTORIA', '1º Año', 38, NULL, 2),
(867, 'HISTORIA ANTIGUA', '1º Año', 38, NULL, 1),
(868, 'ANTROPOLOGIA ,PREHISTORIA Y ARQUEOLOGIA', '1º Año', 38, NULL, 1),
(869, 'PRACTICA DOCENTE', '1º Año', 38, NULL, 1),
(870, 'HISTORIA Y POLITICA DE LA EDUCACION ARGENTINA', '2º Año', 38, NULL, 1),
(871, 'TECNOLOGIA DE LA INFORMACION Y LA COMUNICACIO', '2º Año', 38, NULL, 1),
(872, 'HISTORIA MEDIEVAL', '2º Año', 38, NULL, 1),
(873, 'SOCIEDAD Y ESPACIOS GEOGRAFICOS', '2º Año', 38, NULL, 2),
(874, 'HISTORIA DE LA MODERNIDAD', '2º Año', 38, NULL, 2),
(875, 'ANALISIS DE LA TEORIAS ECONOMICAS', '2º Año', 38, NULL, 2),
(876, 'HISTORIA COLONIAL AMERICANA Y ARGENTINA', '2º Año', 38, NULL, 1),
(877, 'DIDACTICA ESPECIAL DE LA HISTORIA', '2º Año', 38, NULL, 2),
(878, 'SUJETO DE LA EDUCACION SECUNDARIA', '2º Año', 38, NULL, 1),
(879, 'FILOSOFIA DE LA EDUCACION', '3º Año', 38, NULL, 2),
(880, 'SOCIOLOGIA DE LA EDUCACION', '3º Año', 38, NULL, 2),
(881, 'HISTORIA DE LA PROVINCIA DE CORRIENTES', '3º Año', 38, NULL, 1),
(882, 'HISTORIA MUNDIAL DEL S XIX', '3º Año', 38, NULL, 2),
(883, 'HISTORIA ARGENTINA DEL  S. XIX', '3º Año', 38, NULL, 1),
(884, 'HISTORIA AMERICANA DEL S.XIX', '3º Año', 38, NULL, 2),
(885, 'HISTORIA DE LAS IDEAS POLITICAS', '3º Año', 38, NULL, 3),
(886, 'HISTORIA AMERICANA S. XX', '3º Año', 38, NULL, 3),
(887, 'TIC EN LA ENSEÑANZA DE LA HISTORIA', '3º Año', 38, NULL, 3),
(888, 'SEMINARIO: PROPUESTA VARIABLE COMPLEMENTARIA', '3º Año', 38, NULL, 3),
(889, 'PRACTICA DOCENTE  III', '3º Año', 38, NULL, 1),
(890, 'ETICA Y CIUDADANIA', '4º Año', 38, NULL, 2),
(891, 'EDUCACION SEXUAL INTEGRAL', '4º Año', 38, NULL, 2),
(892, 'SEMINARIO: METODOLOGIA DE LA INVESTIGACION Y ', '4º Año', 38, NULL, 1),
(893, 'HISTORIA MUNDIAL DEL S. XX', '4º Año', 38, NULL, 2),
(894, 'HISTORIA ARGENTINA DEL S XX', '4º Año', 38, NULL, 2),
(895, 'LENGUA EXTRANJERA', '4º Año', 38, NULL, 1),
(896, 'RESIDENCIA PEDAGOGICA: SISTEMATIZACION DE EXP', '4º Año', 38, NULL, 1),
(897, 'LECTURA Y ESCRITUR ACADEMICA: TALLER', '1º Año', 39, NULL, 1),
(898, 'INTRODUCCION A LAS CIENCIAS SOCIALES', '1º Año', 39, NULL, 1),
(899, 'HISTORIA DE LA EDUCACION ARGENTINA', '1º Año', 39, NULL, 2),
(900, 'CARTOGRAFIA Y SENSORES REMOTOS', '1º Año', 39, NULL, 1),
(901, 'GEOGRAFIA AMBIENTAL I (PROCESOS NATURALES PLA', '1º Año', 39, NULL, 2),
(902, 'TEORIA Y EPISTEMOLOGIA DE GEOGRAFIA', '1º Año', 39, NULL, 2),
(903, 'FILOSOFIA DE LA EDUCACION', '1º Año', 39, NULL, 2),
(904, 'PRACTICA DOCENTE I', '1º Año', 39, NULL, 1),
(905, 'DIDACTICA GENERAL', '2º Año', 39, NULL, 2),
(906, 'PEDAGOGIA', '2º Año', 39, NULL, 2),
(907, 'ESTADISTICA Y GEO-INFORMATICA', '2º Año', 39, NULL, 2),
(908, 'SUJETOS DEL APRENDIZAJE', '2º Año', 39, NULL, 1),
(909, 'GEOGRAFIA AMBIENTAL II (SOCIEDAD-NATURALEZA.P', '2º Año', 39, NULL, 1),
(910, 'GEOGRAFIA ARGENTINA I', '2º Año', 39, NULL, 2),
(911, 'GEOGRAFIA DE LOS ESPACIOS RURALES Y URBANOS', '2º Año', 39, NULL, 2),
(912, 'GEOGRAFIA SOCIAL Y DE LA POBLACION', '2º Año', 39, NULL, 2),
(913, 'IDIOMA EXTRANJERO (INGLES)', '2º Año', 39, NULL, 2),
(914, 'PRACTICA DOCENTE II', '2º Año', 39, NULL, 1),
(915, 'TECNOLOGIA DE LA INFORMACION Y LA COMUNICACIO', '2º Año', 39, NULL, 2),
(916, 'TECNOLOGIA DE LA INFORMACION Y LA COMUNICACIO', '3º Año', 39, NULL, 1),
(917, 'SOCIOLOGIA DE LA EDUCACION', '3º Año', 39, NULL, 1),
(918, 'DIDACTICA DE LA GEOGRAFIA', '3º Año', 39, NULL, 2),
(919, 'GEOGRAFIA ECONOMICA', '3º Año', 39, NULL, 2),
(920, 'HISTORIA SOCIAL Y POLITICA LATINOAMERICANA Y ', '3º Año', 39, NULL, 2),
(921, 'GEOGRAFIA ARGENTINA II', '3º Año', 39, NULL, 2),
(922, 'GEOGRAFIA DEL NEA', '3º Año', 39, NULL, 2),
(923, 'PRACTICA DOCENTE III', '3º Año', 39, NULL, 1);

-- --------------------------------------------------------

--
-- Estructura de tabla para la tabla `profesores`
--

CREATE TABLE `profesores` (
  `id_profesor` int(11) NOT NULL,
  `legajo_pro` int(11) DEFAULT NULL,
  `nroderegistro_pro` varchar(45) DEFAULT NULL,
  `dni_pro` int(11) DEFAULT NULL,
  `nombre_pro` varchar(45) DEFAULT NULL,
  `apellido_pro` varchar(45) DEFAULT NULL,
  `nacimiento_pro` date DEFAULT NULL,
  `id_localidad_pro` int(11) DEFAULT NULL,
  `direccion_pro` varchar(45) DEFAULT NULL,
  `telefono_pro` varchar(45) DEFAULT NULL,
  `celular_pro` varchar(45) DEFAULT NULL,
  `correo_pro` varchar(45) DEFAULT NULL,
  `observaciones_pro` varchar(144) DEFAULT NULL,
  `id_estado_pro` int(11) DEFAULT NULL
) ENGINE=InnoDB DEFAULT CHARSET=utf8;

--
-- Volcado de datos para la tabla `profesores`
--

INSERT INTO `profesores` (`id_profesor`, `legajo_pro`, `nroderegistro_pro`, `dni_pro`, `nombre_pro`, `apellido_pro`, `nacimiento_pro`, `id_localidad_pro`, `direccion_pro`, `telefono_pro`, `celular_pro`, `correo_pro`, `observaciones_pro`, `id_estado_pro`) VALUES
(1, 12378945, '1', 41117824, 'Jose', 'Lezcano', '1998-05-07', 1, 'Barrios', '65498732', '3772465101', 'josandres798@outlook.es', 'hola', 1);

-- --------------------------------------------------------

--
-- Estructura de tabla para la tabla `provincias`
--

CREATE TABLE `provincias` (
  `id_provincia` int(11) NOT NULL,
  `nombre_prov` varchar(45) DEFAULT NULL
) ENGINE=InnoDB DEFAULT CHARSET=utf8;

--
-- Volcado de datos para la tabla `provincias`
--

INSERT INTO `provincias` (`id_provincia`, `nombre_prov`) VALUES
(1, 'Corrientes'),
(2, 'Misiones'),
(3, 'Buenos Aires');

-- --------------------------------------------------------

--
-- Estructura de tabla para la tabla `tipos_licencia`
--

CREATE TABLE `tipos_licencia` (
  `id_tipo` int(11) NOT NULL,
  `articulo_tip_lic` varchar(45) DEFAULT NULL,
  `descripcion_tip_lic` varchar(45) DEFAULT NULL,
  `condicion_tip_lic` varchar(45) DEFAULT NULL
) ENGINE=InnoDB DEFAULT CHARSET=utf8;

-- --------------------------------------------------------

--
-- Estructura de tabla para la tabla `tipos_materias`
--

CREATE TABLE `tipos_materias` (
  `id_tipo` int(11) NOT NULL,
  `descripcion_tipomat` varchar(45) DEFAULT NULL
) ENGINE=InnoDB DEFAULT CHARSET=utf8;

--
-- Volcado de datos para la tabla `tipos_materias`
--

INSERT INTO `tipos_materias` (`id_tipo`, `descripcion_tipomat`) VALUES
(1, 'Anual'),
(2, 'Cuatrimestral'),
(3, 'No');

-- --------------------------------------------------------

--
-- Estructura de tabla para la tabla `titulos`
--

CREATE TABLE `titulos` (
  `id_titulo` int(11) NOT NULL,
  `nombre_tit` varchar(45) DEFAULT NULL,
  `expedido_por_tit` varchar(45) DEFAULT NULL,
  `id_profesor_tit` int(11) DEFAULT NULL
) ENGINE=InnoDB DEFAULT CHARSET=utf8;

--
-- Volcado de datos para la tabla `titulos`
--

INSERT INTO `titulos` (`id_titulo`, `nombre_tit`, `expedido_por_tit`, `id_profesor_tit`) VALUES
(1, 'Titulo1', 'Institucion1', 1),
(2, 'Titulo2', 'Institucion2', 1),
(3, 'Titulo7', 'Institucion7', 1);

-- --------------------------------------------------------

--
-- Estructura de tabla para la tabla `turnos`
--

CREATE TABLE `turnos` (
  `id_turno` int(11) NOT NULL,
  `nombre_tur` varchar(45) DEFAULT NULL
) ENGINE=InnoDB DEFAULT CHARSET=utf8;

--
-- Índices para tablas volcadas
--

--
-- Indices de la tabla `cargos`
--
ALTER TABLE `cargos`
  ADD PRIMARY KEY (`id_cargo`),
  ADD KEY `profe_cargo_idx` (`id_profesor_carg`),
  ADD KEY `lista_cargo_idx` (`id_lista_cargo`);

--
-- Indices de la tabla `carreras`
--
ALTER TABLE `carreras`
  ADD PRIMARY KEY (`id_carrera`),
  ADD KEY `carrera_turno_idx` (`id_turno_car`);

--
-- Indices de la tabla `condicion_catedra`
--
ALTER TABLE `condicion_catedra`
  ADD PRIMARY KEY (`id_condicion`);

--
-- Indices de la tabla `designaciones`
--
ALTER TABLE `designaciones`
  ADD PRIMARY KEY (`id_designacion`),
  ADD KEY `planilla_profesores_idx` (`id_profesor_des`),
  ADD KEY `planilla_materias_idx` (`id_materia_des`),
  ADD KEY `planilla_condicion_catedra_idx` (`id_condicion_catedra_des`);

--
-- Indices de la tabla `directores_carreras`
--
ALTER TABLE `directores_carreras`
  ADD PRIMARY KEY (`id_dir_carr`),
  ADD KEY `dir_prof_idx` (`id_profesor_dir_car`),
  ADD KEY `carr_asig_idx` (`id_carrera_dir_car`);

--
-- Indices de la tabla `estados`
--
ALTER TABLE `estados`
  ADD PRIMARY KEY (`id_estado`);

--
-- Indices de la tabla `licencias`
--
ALTER TABLE `licencias`
  ADD PRIMARY KEY (`id_licencia`),
  ADD KEY `liciencias_profesores_idx` (`id_profesor_lic`),
  ADD KEY `licencias_tipos_licencias_idx` (`id_tipo_lic`),
  ADD KEY `licencias_planillas_idx` (`id_designacion_lic`);

--
-- Indices de la tabla `lista_cargos`
--
ALTER TABLE `lista_cargos`
  ADD PRIMARY KEY (`id_lista_cargo`);

--
-- Indices de la tabla `localidades`
--
ALTER TABLE `localidades`
  ADD PRIMARY KEY (`id_localidad`),
  ADD KEY `localidades_provincias_idx` (`id_provincia_loc`);

--
-- Indices de la tabla `materias`
--
ALTER TABLE `materias`
  ADD PRIMARY KEY (`id_materia`),
  ADD KEY `materias_carreras_idx` (`id_carrera_mat`),
  ADD KEY `materias_tipos_materias_idx` (`id_tipo_mat`);

--
-- Indices de la tabla `profesores`
--
ALTER TABLE `profesores`
  ADD PRIMARY KEY (`id_profesor`),
  ADD KEY `profesorres_localidades_idx` (`id_localidad_pro`),
  ADD KEY `profesores_estados_idx` (`id_estado_pro`);

--
-- Indices de la tabla `provincias`
--
ALTER TABLE `provincias`
  ADD PRIMARY KEY (`id_provincia`);

--
-- Indices de la tabla `tipos_licencia`
--
ALTER TABLE `tipos_licencia`
  ADD PRIMARY KEY (`id_tipo`);

--
-- Indices de la tabla `tipos_materias`
--
ALTER TABLE `tipos_materias`
  ADD PRIMARY KEY (`id_tipo`);

--
-- Indices de la tabla `titulos`
--
ALTER TABLE `titulos`
  ADD PRIMARY KEY (`id_titulo`),
  ADD KEY `titulo_prof_idx` (`id_profesor_tit`);

--
-- Indices de la tabla `turnos`
--
ALTER TABLE `turnos`
  ADD PRIMARY KEY (`id_turno`);

--
-- AUTO_INCREMENT de las tablas volcadas
--

--
-- AUTO_INCREMENT de la tabla `cargos`
--
ALTER TABLE `cargos`
  MODIFY `id_cargo` int(11) NOT NULL AUTO_INCREMENT;

--
-- AUTO_INCREMENT de la tabla `carreras`
--
ALTER TABLE `carreras`
  MODIFY `id_carrera` int(11) NOT NULL AUTO_INCREMENT, AUTO_INCREMENT=71;

--
-- AUTO_INCREMENT de la tabla `condicion_catedra`
--
ALTER TABLE `condicion_catedra`
  MODIFY `id_condicion` int(11) NOT NULL AUTO_INCREMENT;

--
-- AUTO_INCREMENT de la tabla `designaciones`
--
ALTER TABLE `designaciones`
  MODIFY `id_designacion` int(11) NOT NULL AUTO_INCREMENT;

--
-- AUTO_INCREMENT de la tabla `directores_carreras`
--
ALTER TABLE `directores_carreras`
  MODIFY `id_dir_carr` int(11) NOT NULL AUTO_INCREMENT;

--
-- AUTO_INCREMENT de la tabla `estados`
--
ALTER TABLE `estados`
  MODIFY `id_estado` int(11) NOT NULL AUTO_INCREMENT, AUTO_INCREMENT=4;

--
-- AUTO_INCREMENT de la tabla `licencias`
--
ALTER TABLE `licencias`
  MODIFY `id_licencia` int(11) NOT NULL AUTO_INCREMENT;

--
-- AUTO_INCREMENT de la tabla `lista_cargos`
--
ALTER TABLE `lista_cargos`
  MODIFY `id_lista_cargo` int(11) NOT NULL AUTO_INCREMENT;

--
-- AUTO_INCREMENT de la tabla `localidades`
--
ALTER TABLE `localidades`
  MODIFY `id_localidad` int(11) NOT NULL AUTO_INCREMENT, AUTO_INCREMENT=5;

--
-- AUTO_INCREMENT de la tabla `materias`
--
ALTER TABLE `materias`
  MODIFY `id_materia` int(11) NOT NULL AUTO_INCREMENT, AUTO_INCREMENT=924;

--
-- AUTO_INCREMENT de la tabla `profesores`
--
ALTER TABLE `profesores`
  MODIFY `id_profesor` int(11) NOT NULL AUTO_INCREMENT, AUTO_INCREMENT=2;

--
-- AUTO_INCREMENT de la tabla `provincias`
--
ALTER TABLE `provincias`
  MODIFY `id_provincia` int(11) NOT NULL AUTO_INCREMENT, AUTO_INCREMENT=4;

--
-- AUTO_INCREMENT de la tabla `tipos_licencia`
--
ALTER TABLE `tipos_licencia`
  MODIFY `id_tipo` int(11) NOT NULL AUTO_INCREMENT;

--
-- AUTO_INCREMENT de la tabla `tipos_materias`
--
ALTER TABLE `tipos_materias`
  MODIFY `id_tipo` int(11) NOT NULL AUTO_INCREMENT, AUTO_INCREMENT=4;

--
-- AUTO_INCREMENT de la tabla `titulos`
--
ALTER TABLE `titulos`
  MODIFY `id_titulo` int(11) NOT NULL AUTO_INCREMENT, AUTO_INCREMENT=4;

--
-- AUTO_INCREMENT de la tabla `turnos`
--
ALTER TABLE `turnos`
  MODIFY `id_turno` int(11) NOT NULL AUTO_INCREMENT;

--
-- Restricciones para tablas volcadas
--

--
-- Filtros para la tabla `cargos`
--
ALTER TABLE `cargos`
  ADD CONSTRAINT `lista_cargo` FOREIGN KEY (`id_lista_cargo`) REFERENCES `lista_cargos` (`id_lista_cargo`) ON DELETE NO ACTION ON UPDATE NO ACTION,
  ADD CONSTRAINT `profe_cargo` FOREIGN KEY (`id_profesor_carg`) REFERENCES `profesores` (`id_profesor`) ON DELETE NO ACTION ON UPDATE NO ACTION;

--
-- Filtros para la tabla `carreras`
--
ALTER TABLE `carreras`
  ADD CONSTRAINT `carrera_turno` FOREIGN KEY (`id_turno_car`) REFERENCES `turnos` (`id_turno`) ON DELETE NO ACTION ON UPDATE NO ACTION;

--
-- Filtros para la tabla `designaciones`
--
ALTER TABLE `designaciones`
  ADD CONSTRAINT `planilla_condicion_catedra` FOREIGN KEY (`id_condicion_catedra_des`) REFERENCES `condicion_catedra` (`id_condicion`) ON DELETE NO ACTION ON UPDATE NO ACTION,
  ADD CONSTRAINT `planilla_materias` FOREIGN KEY (`id_materia_des`) REFERENCES `materias` (`id_materia`) ON DELETE NO ACTION ON UPDATE NO ACTION,
  ADD CONSTRAINT `planilla_profesores` FOREIGN KEY (`id_profesor_des`) REFERENCES `profesores` (`id_profesor`) ON DELETE NO ACTION ON UPDATE NO ACTION;

--
-- Filtros para la tabla `directores_carreras`
--
ALTER TABLE `directores_carreras`
  ADD CONSTRAINT `carr_asig` FOREIGN KEY (`id_carrera_dir_car`) REFERENCES `carreras` (`id_carrera`) ON DELETE NO ACTION ON UPDATE NO ACTION,
  ADD CONSTRAINT `dir_prof` FOREIGN KEY (`id_profesor_dir_car`) REFERENCES `profesores` (`id_profesor`) ON DELETE NO ACTION ON UPDATE NO ACTION;

--
-- Filtros para la tabla `licencias`
--
ALTER TABLE `licencias`
  ADD CONSTRAINT `licencias_planillas` FOREIGN KEY (`id_designacion_lic`) REFERENCES `designaciones` (`id_designacion`) ON DELETE NO ACTION ON UPDATE NO ACTION,
  ADD CONSTRAINT `licencias_tipos_licencias` FOREIGN KEY (`id_tipo_lic`) REFERENCES `tipos_licencia` (`id_tipo`) ON DELETE NO ACTION ON UPDATE NO ACTION,
  ADD CONSTRAINT `liciencias_profesores` FOREIGN KEY (`id_profesor_lic`) REFERENCES `profesores` (`id_profesor`) ON DELETE NO ACTION ON UPDATE NO ACTION;

--
-- Filtros para la tabla `localidades`
--
ALTER TABLE `localidades`
  ADD CONSTRAINT `localidades_provincias` FOREIGN KEY (`id_provincia_loc`) REFERENCES `provincias` (`id_provincia`) ON DELETE NO ACTION ON UPDATE NO ACTION;

--
-- Filtros para la tabla `materias`
--
ALTER TABLE `materias`
  ADD CONSTRAINT `materias_carreras` FOREIGN KEY (`id_carrera_mat`) REFERENCES `carreras` (`id_carrera`) ON DELETE NO ACTION ON UPDATE NO ACTION,
  ADD CONSTRAINT `materias_tipos_materias` FOREIGN KEY (`id_tipo_mat`) REFERENCES `tipos_materias` (`id_tipo`) ON DELETE NO ACTION ON UPDATE NO ACTION;

--
-- Filtros para la tabla `profesores`
--
ALTER TABLE `profesores`
  ADD CONSTRAINT `profesores_estados` FOREIGN KEY (`id_estado_pro`) REFERENCES `estados` (`id_estado`) ON DELETE NO ACTION ON UPDATE NO ACTION,
  ADD CONSTRAINT `profesorres_localidades` FOREIGN KEY (`id_localidad_pro`) REFERENCES `localidades` (`id_localidad`) ON DELETE NO ACTION ON UPDATE NO ACTION;

--
-- Filtros para la tabla `titulos`
--
ALTER TABLE `titulos`
  ADD CONSTRAINT `titulo_prof` FOREIGN KEY (`id_profesor_tit`) REFERENCES `profesores` (`id_profesor`) ON DELETE NO ACTION ON UPDATE NO ACTION;
COMMIT;

/*!40101 SET CHARACTER_SET_CLIENT=@OLD_CHARACTER_SET_CLIENT */;
/*!40101 SET CHARACTER_SET_RESULTS=@OLD_CHARACTER_SET_RESULTS */;
/*!40101 SET COLLATION_CONNECTION=@OLD_COLLATION_CONNECTION */;
